Subject,Phase_vs_phase,model,AUC,F1,AdjustedMutualInformation,CalinskiHarabasz,Silhouette_Mahanlanobis,DaviesBouldin
100,SpectralClustering,phase1_vs_phase2,0.5044827948036623,0.02670101149714142,0.0014189992713901044,59862.388294082164,0.5248259408485805,0.21867534418059054
100,SpectralClustering,phase1_vs_phase3,0.5027548311389357,0.05143496086470369,0.00037855283321645307,87600.57621526606,0.5207993221637819,0.20284397346711838
100,SpectralClustering,phase1_vs_phase4,0.5039003652244862,0.029721595184349133,0.0010044713061197284,76525.68506059494,0.5584969168940536,0.23452079377989582
100,SpectralClustering,phase1_vs_phase5,0.5034175413419948,0.02901645521919357,0.0008054759693777304,60759.872876344205,0.5478582226711995,0.23944729267780582
208,SpectralClustering,phase1_vs_phase2,0.5019211853081877,0.02305236270753512,0.00048768277160555297,32003.09288333569,0.5768583196265009,0.23975608202252705
208,SpectralClustering,phase1_vs_phase3,0.5036070022171482,0.0,0.006996084619351891,14033.02174156551,0.6514292408542528,0.18404984413447048
208,SpectralClustering,phase1_vs_phase4,0.5032760845825475,0.0,0.006367158672195397,10753.512645955747,0.6298104870047532,0.1671105169634976
208,SpectralClustering,phase1_vs_phase5,0.5032264469373573,0.0,0.006272636108454932,7508.974823257136,0.5508470130443859,0.1869736158666062
209,SpectralClustering,phase1_vs_phase2,0.5275227864583333,0.10434728950047824,0.04729284187568517,29151.982305789996,0.45293216027299477,0.3728498729075177
209,SpectralClustering,phase1_vs_phase3,0.602099609375,0.3391452436947531,0.14897602284148828,115780.18802401655,0.32357757517771985,0.3668112822643318
209,SpectralClustering,phase1_vs_phase4,0.726806640625,0.6241182398387639,0.30941348238784777,161701.272136806,0.23209453759210455,0.3728841039437403
209,SpectralClustering,phase1_vs_phase5,0.5937469483415253,0.3157808174118034,0.13835561313758818,188611.78725657784,0.3130329463749912,0.23202002513256173
210,SpectralClustering,phase1_vs_phase2,0.5166060334428464,0.4664762042528569,0.0008260804260916678,72106.3049292955,0.15014656773597151,0.8187807828320461
210,SpectralClustering,phase1_vs_phase3,0.5019205729166667,0.0076528957779363116,0.0037332363860678834,1819.9123131168074,0.51829687349614,0.2997724541859729
210,SpectralClustering,phase1_vs_phase4,0.650634765625,0.4630393996247655,0.20991688596022795,24464.693086167874,0.3196919445275495,0.8161720753260897
210,SpectralClustering,phase1_vs_phase5,0.5045720093560598,0.19780618727796073,0.0001578582604545085,51051.12515480804,0.20437251289888828,0.5657422848452223
211,SpectralClustering,phase1_vs_phase2,0.5131480281833243,0.5315575777682986,0.0004902391469778961,74407.33564437341,0.159335878223721,0.8592353698948919
211,SpectralClustering,phase1_vs_phase3,0.5162292850085004,0.504768621129693,0.0007512403557096632,103893.23461418414,0.16944372357513138,0.7220528259885601
211,SpectralClustering,phase1_vs_phase4,0.5298708442044947,0.5072179830892968,0.0025987539859771884,155131.12905366186,0.18175647188525437,0.5522849341242086
211,SpectralClustering,phase1_vs_phase5,0.5017740307932684,0.007071034706454752,0.003450735549102888,2321.171677937727,0.6819745519996753,0.22643510160691013
212,SpectralClustering,phase1_vs_phase2,0.541357421875,0.15279155768016595,0.06797167121052891,33788.60885066572,0.4541230364270544,0.4552424634670678
212,SpectralClustering,phase1_vs_phase3,0.5045701244198602,0.038836156089087415,0.0010464820353399602,14156.29279721331,0.3793421457407024,0.41923717867138055
212,SpectralClustering,phase1_vs_phase4,0.5065592447916667,0.025897246409407833,0.012398225971014261,11949.304303473129,0.5023117507688505,0.2161483384118382
212,SpectralClustering,phase1_vs_phase5,0.9999837239583333,0.9999837236934195,0.9997318841539896,110679.79596311397,0.2203287992435565,0.6339609253638225
215,SpectralClustering,phase1_vs_phase2,0.5137044270833333,0.05335530067803054,0.024938354544873642,52543.52645343341,0.5728156388910666,0.23605295873445875
215,SpectralClustering,phase1_vs_phase3,0.5050455729166666,0.019980663873670645,0.00962435030998232,21879.38774437893,0.6676524263216096,0.15431527547982352
215,SpectralClustering,phase1_vs_phase4,0.5119791666666667,0.04679552390640895,0.021984859161116217,17329.47097544625,0.5366489777717718,0.3042610195167626
215,SpectralClustering,phase1_vs_phase5,0.5050130208333333,0.019853035967513217,0.009564169439018767,19689.785576197824,0.6472579952193364,0.17783741876270978
216,SpectralClustering,phase1_vs_phase2,0.5089192708333333,0.035051810157349365,0.01663447385954633,16112.595987783661,0.5321172498214749,0.2885579591058085
216,SpectralClustering,phase1_vs_phase3,0.5169122970673459,0.16233014097239878,0.004207365303450491,23579.938028807253,0.24765955380259458,0.8011210743255418
216,SpectralClustering,phase1_vs_phase4,0.5028157552083333,0.011199948208331985,0.005445790200392132,8655.840208216758,0.5989277488538342,0.11321537334230883
216,SpectralClustering,phase1_vs_phase5,0.5087323443808117,0.08968014484007242,0.0023266432271207365,22231.181018864045,0.2886951958167839,0.49649612217607675
217,SpectralClustering,phase1_vs_phase2,0.5361494569460645,0.6158399367166296,0.004754984569649409,61279.64540847254,0.14992703025784115,0.7952185425428858
217,SpectralClustering,phase1_vs_phase3,0.5491280110273131,0.6329470465153709,0.009309000946467567,71901.19349542217,0.16702311247631227,0.7262955590491016
217,SpectralClustering,phase1_vs_phase4,0.6070830625237846,0.06734581221458323,0.08779814425362707,43206.07427417478,0.2004740189288432,0.6878173994418726
217,SpectralClustering,phase1_vs_phase5,0.5865172731895703,0.14069269250101724,0.044563621815507354,49205.25803873494,0.2029959566133416,0.732558828922771
219,SpectralClustering,phase1_vs_phase2,0.500180951191717,0.023145645884335358,-1.8023786961914003e-05,40536.17598696353,0.5552616417426831,0.1771341937921623
219,SpectralClustering,phase1_vs_phase3,0.5081518424614895,0.054928211705089304,0.004277955326829733,80499.78876486052,0.5261004961315233,0.25635012694876813
219,SpectralClustering,phase1_vs_phase4,0.5036967943259001,0.037080319636145415,0.00115458245062584,48665.295895238814,0.547803676588057,0.21362878164664006
219,SpectralClustering,phase1_vs_phase5,0.5003732437451397,0.025094501445316223,-6.736265104849041e-06,38216.15031386141,0.5435113218643646,0.17976605287765715
220,SpectralClustering,phase1_vs_phase2,0.5086737680815463,0.045655748071329195,0.007088545022298822,10521.847868907309,0.4038733537216364,0.3425278372517716
220,SpectralClustering,phase1_vs_phase3,0.5613599532010076,0.5124340069178954,0.011545726379720844,141523.8038576209,0.16809717433502855,0.5375566847161856
220,SpectralClustering,phase1_vs_phase4,0.5236026211132689,0.5839749482877499,0.0017790163210353784,86473.89039145426,0.137468533291349,0.6619811499745704
220,SpectralClustering,phase1_vs_phase5,0.510923731693533,0.5205483860586361,0.00033294180457083135,135130.20250666057,0.15712941900022823,0.5803146972648242
231,SpectralClustering,phase1_vs_phase2,0.9506998697916667,0.9481433291674514,0.7621169895563061,66442.21429879949,0.223601882649677,0.8342162778953709
231,SpectralClustering,phase1_vs_phase3,1.0,1.0,1.0,67412.71051464239,0.24065681472721323,0.8235426804145201
231,SpectralClustering,phase1_vs_phase4,1.0,1.0,1.0,42841.29277868566,0.24793235012331313,1.0087849909150655
231,SpectralClustering,phase1_vs_phase5,1.0,1.0,1.0,52922.36033052333,0.24120027958075888,0.9496662922227697
233,SpectralClustering,phase1_vs_phase2,0.5107099456519492,0.47342521349454636,0.0003211737750577094,101387.46611488938,0.14889729415935732,0.7094331945938466
233,SpectralClustering,phase1_vs_phase3,0.5311240218540074,0.527268216028451,0.0027872355577117933,140268.53847411508,0.15430271427806913,0.5720491726116201
233,SpectralClustering,phase1_vs_phase4,0.5135630632063023,0.4801036338271441,0.0005197324638411569,136275.80695837148,0.16228895754720613,0.5853177330087482
233,SpectralClustering,phase1_vs_phase5,0.5139450145448642,0.5327229676400947,0.0005531492603820491,115950.82879835748,0.1649180818415029,0.6536123093995242
235,SpectralClustering,phase1_vs_phase2,0.5079264322916667,0.03121094626205659,0.01486477350625477,28075.200092607844,0.6042697992952641,0.1896993079132771
235,SpectralClustering,phase1_vs_phase3,0.5234790052796874,0.5624745379102225,0.0016414163277718885,33370.369046579464,0.1295057550393699,1.2844739887267425
235,SpectralClustering,phase1_vs_phase4,0.657666015625,0.4794713787215086,0.2187793195397387,69860.66269559029,0.4019121146654675,0.654251849271247
235,SpectralClustering,phase1_vs_phase5,0.5212239583333333,0.08143892080939295,0.03735952929797065,17645.071281743447,0.5070585741055493,0.44647391440430406
237,SpectralClustering,phase1_vs_phase2,0.5015462239583334,0.006165828330358591,0.003010385839566636,72343.1383514865,0.8610903975534148,0.06533273902011622
237,SpectralClustering,phase1_vs_phase3,0.614253761667432,0.681142639185931,0.04858189930445399,30933.051640907706,0.14338948068459023,1.1701029279398063
237,SpectralClustering,phase1_vs_phase4,0.6884367150401031,0.7216725230457092,0.11336196930618384,24598.070715442558,0.14124621812021027,1.4301226906599909
237,SpectralClustering,phase1_vs_phase5,0.5834485647352452,0.31639133521364565,0.022923599744030135,31864.32615998611,0.13539083783199715,1.2556417596233866
239,SpectralClustering,phase1_vs_phase2,0.9999837239583333,0.9999837236934195,0.9997318841539896,94512.21696163152,0.25450267660800624,0.706102636460364
239,SpectralClustering,phase1_vs_phase3,0.9980631510416667,0.998059392377815,0.9815593221529829,37218.849756422256,0.2260611390756195,1.1401755772549664
239,SpectralClustering,phase1_vs_phase4,0.5382803677684156,0.466874586523013,0.004687863898131786,64064.760570100785,0.16201826685076756,0.8636721149403078
239,SpectralClustering,phase1_vs_phase5,0.5210256517396961,0.448819639391827,0.0013979385824351622,89871.95530419238,0.15044991006781835,0.7284373971059489
244,SpectralClustering,phase1_vs_phase2,0.5043350210132698,0.0,0.00837055263971228,4981.274949459507,0.524618293005957,0.334523150084874
244,SpectralClustering,phase1_vs_phase3,0.5043350210132698,0.0,0.00837055263971228,8047.224546350941,0.5582122541137859,0.30021013089198917
244,SpectralClustering,phase1_vs_phase4,0.5055966024841573,0.03788646730866701,0.003048732977288747,33036.36330564676,0.539496730175813,0.26859957421864833
244,SpectralClustering,phase1_vs_phase5,0.5043350210132698,0.0,0.00837055263971228,9169.197255928264,0.5808197165810234,0.2864987060683253
245,SpectralClustering,phase1_vs_phase2,0.9999837239583333,3.281916639317362e-05,0.9997318841539894,43350.140018103586,0.22454218386530997,0.9560536933959743
245,SpectralClustering,phase1_vs_phase3,0.5149872580552591,0.5786675812398182,0.0007169702973699304,55586.00010678333,0.12458259575523926,0.8935527346274819
245,SpectralClustering,phase1_vs_phase4,0.5365360165712176,0.6320404103852597,0.005667416106711105,60517.33963796187,0.15508726302461748,0.7212637705751269
245,SpectralClustering,phase1_vs_phase5,0.5290569742571933,0.31289021023571884,0.0033612695111765534,56677.123935834,0.16173084506539293,0.8163266960707535
246,SpectralClustering,phase1_vs_phase2,0.5055695522296609,0.5106790755087788,7.76837618124989e-05,60412.85887521833,0.1350161462203527,0.9322574465960619
246,SpectralClustering,phase1_vs_phase3,0.5029622395833333,0.011779172869069963,0.005723991143958154,17784.172484559534,0.6965751488450044,0.1036872157388624
246,SpectralClustering,phase1_vs_phase4,0.8301221816417238,0.7960125097732603,0.46104401652852794,46375.333586462,0.16065473530292362,0.9571539810097737
246,SpectralClustering,phase1_vs_phase5,0.954345703125,0.08800828313253012,0.7746828296077484,70145.43519476388,0.23337366149282948,0.8081812254863697
256,SpectralClustering,phase1_vs_phase2,0.5486249725958834,0.5572318740238621,0.006829188329560923,49234.56289249981,0.11954381323463772,0.9804159999301103
256,SpectralClustering,phase1_vs_phase3,0.5523324118699121,0.48563561266636074,0.008114485327401891,52003.94859215471,0.1388185747131889,0.9728055459099528
256,SpectralClustering,phase1_vs_phase4,0.5551268949558845,0.3969017094017094,0.009111200797969492,55484.98931482304,0.12802409697661965,0.9590394679843983
256,SpectralClustering,phase1_vs_phase5,0.5763982546550804,0.3315670522097506,0.018901118840646023,36167.81386718531,0.11570777400539552,1.1357542137306897
260,SpectralClustering,phase1_vs_phase2,0.5043811975960902,0.03949900621509922,0.0015704401506599255,18745.40554926594,0.41107754266215596,0.2989574010856876
260,SpectralClustering,phase1_vs_phase3,0.5037150965917552,0.006038996498666924,0.002937452255098314,6132.863634565328,0.4027425854537692,0.2658450721563657
260,SpectralClustering,phase1_vs_phase4,0.501904296875,0.007588286798326685,0.003701893286519119,6402.088921991109,0.6018909330012855,0.17323398223742478
260,SpectralClustering,phase1_vs_phase5,0.5053277739170721,0.0,0.010225557017176562,8584.68238893342,0.5779496175556176,0.20958403830501962
261,SpectralClustering,phase1_vs_phase2,0.503857421875,0.015311561197790483,0.007412436225171556,4093.9885870641624,0.33683353724713216,0.3126552414928343
261,SpectralClustering,phase1_vs_phase3,0.5117085574783249,0.5450482167457524,0.00039380742820266086,195249.84864365243,0.17477839140902826,0.43825010630603756
261,SpectralClustering,phase1_vs_phase4,0.505953756005638,0.4605058467777176,9.278495296919287e-05,134041.55668596263,0.16222885044944943,0.5922331368085805
261,SpectralClustering,phase1_vs_phase5,0.504296875,0.01704105344694036,0.00823427555200188,7120.778540657202,0.4468519082474783,0.23119869895549122
263,SpectralClustering,phase1_vs_phase2,0.5258121006367062,0.49689549019948864,0.0019506156867157341,115170.63890928176,0.15656480740776013,0.6112586563349218
263,SpectralClustering,phase1_vs_phase3,0.5173728720444918,0.4113152696507771,0.0009365893905813411,77691.84214485862,0.1531720581557251,0.7353350520010357
263,SpectralClustering,phase1_vs_phase4,0.5342596280227259,0.48966842001328476,0.003533444587128873,44918.85410918349,0.14790093967211831,1.0382769499003173
263,SpectralClustering,phase1_vs_phase5,0.5012933191866045,0.4447443777700768,-6.901043049665097e-06,90089.87507020893,0.15712775846623014,0.7147241400709156
264,SpectralClustering,phase1_vs_phase2,0.5029507980414847,0.46700061516829244,1.3894451237959082e-05,157467.9666462401,0.1537645000212586,0.5093327649705667
264,SpectralClustering,phase1_vs_phase3,0.5093832099243232,0.46464140754912653,0.00025276874984391624,151110.17598993648,0.1499231720565691,0.5182776491031875
264,SpectralClustering,phase1_vs_phase4,0.5339652519032934,0.4061947708845768,0.003523172873184952,133978.98665583835,0.14522729721625408,0.5587984424845505
264,SpectralClustering,phase1_vs_phase5,0.5286178652994598,0.40566524237512896,0.0025270816510892993,139566.11961979044,0.14557817868900616,0.5440076918812423
269,SpectralClustering,phase1_vs_phase2,0.5020185975710645,0.0,0.003951772098445043,3349.3901801139127,0.5658720074011374,0.1996461537071441
269,SpectralClustering,phase1_vs_phase3,1.0,0.0,1.0,55828.19236862226,0.23168488383580213,0.8283664139200712
269,SpectralClustering,phase1_vs_phase4,0.9999837239583333,0.9999837236934195,0.9997318841539896,101832.61006104932,0.2569206146252904,0.5354508313858981
269,SpectralClustering,phase1_vs_phase5,1.0,0.0,1.0,124547.6519410926,0.24941329733728562,0.5162929960102319
278,SpectralClustering,phase1_vs_phase2,0.806231179059532,0.0,0.4328707951777776,39771.578762517456,0.25770784759724963,1.0497173965070736
278,SpectralClustering,phase1_vs_phase3,0.729640292531189,0.0,0.3162867862985627,29347.298953182613,0.24851049454267043,1.0122951532037077
278,SpectralClustering,phase1_vs_phase4,0.749544988252424,0.0,0.3445988914814971,32950.84054588559,0.24468459169014184,1.0164399740613226
278,SpectralClustering,phase1_vs_phase5,0.7318078030378239,0.0,0.3193192409562094,29440.32462498386,0.22755913895542174,1.0065767753841264
279,SpectralClustering,phase1_vs_phase2,0.5721911297528045,0.37261455525606474,0.015787815423216923,57626.8849008359,0.13651237341633926,0.9319185450769503
279,SpectralClustering,phase1_vs_phase3,0.5085352447963202,0.5175363425312788,0.00020111829940241524,97388.15268055929,0.14450248842099894,0.6679967913243344
279,SpectralClustering,phase1_vs_phase4,0.5110137387048503,0.5027554590035621,0.0003392068123470679,87898.75844570223,0.1387630865262631,0.737722431087962
279,SpectralClustering,phase1_vs_phase5,0.5108430078645778,0.4487753116986471,0.0003383296903153059,74077.53861887286,0.13168996374617156,0.758449011368687
280,SpectralClustering,phase1_vs_phase2,0.5355405539561203,0.0,0.060002201071384896,19841.531227148567,0.36836490730363064,0.46227862396609465
280,SpectralClustering,phase1_vs_phase3,0.5363678480426222,0.0,0.06124171181708238,16270.093021199451,0.3509734756831876,0.5269540114186047
280,SpectralClustering,phase1_vs_phase4,0.5355570998378504,0.0,0.060027037628290675,24456.101215608043,0.3983312552253647,0.42571628142539686
280,SpectralClustering,phase1_vs_phase5,0.5355240080743903,0.0,0.059977915723480026,22657.94364223674,0.40713150460821595,0.4398725294492298
281,SpectralClustering,phase1_vs_phase2,0.5538226916814546,0.5825699354442054,0.008550072562348705,98372.45586757342,0.15081687271802663,0.7256017301361687
281,SpectralClustering,phase1_vs_phase3,0.515030374296283,0.5166492215098784,0.0006400868188789834,213249.1347459834,0.1778571645462574,0.46486960709152714
281,SpectralClustering,phase1_vs_phase4,0.5234934538416436,0.49306052368006864,0.0015881743935809484,253068.3016442206,0.18698712676616885,0.41720129524258914
281,SpectralClustering,phase1_vs_phase5,0.5062660720679666,0.02475406673953578,0.011864530512484466,6072.292399036545,0.3251364560708457,0.2730955762297884
282,SpectralClustering,phase1_vs_phase2,0.739881832996728,0.28427605043351223,0.1740897168386468,41186.1818673108,0.15008875481107567,1.051348512019269
282,SpectralClustering,phase1_vs_phase3,0.5065104166666666,0.025706940874035994,0.012309472302578273,7898.91479084703,0.5701986053656007,0.377912085722811
282,SpectralClustering,phase1_vs_phase4,0.542215022070655,0.543284657193373,0.0051363063620275705,28316.05781634839,0.13028157760661815,1.2065614833894864
282,SpectralClustering,phase1_vs_phase5,0.6113173584361348,0.4409621538785138,0.03769276451068952,33813.437715009364,0.12434533235349655,1.0902122411091162
283,SpectralClustering,phase1_vs_phase2,0.6881443360603015,0.7453031079004826,0.14246464922241941,97532.07087911386,0.17706757892924352,0.5681826404511104
283,SpectralClustering,phase1_vs_phase3,0.519938121957109,0.41287339313788957,0.001226181987372845,162112.14828280234,0.16190439158046321,0.49037405625762487
283,SpectralClustering,phase1_vs_phase4,0.5129616365635031,0.4258315303091422,0.0005059662428227839,190047.36508465756,0.16417909357119556,0.45050622323187195
283,SpectralClustering,phase1_vs_phase5,0.5257262743449765,0.3999925235042336,0.002076825915701329,124899.83271151954,0.15362184743199173,0.5631740835660918
284,SpectralClustering,phase1_vs_phase2,0.5030930134497336,0.3985026441403078,2.0584911275050836e-05,48842.21440604524,0.15027962589852165,0.9504320110628285
284,SpectralClustering,phase1_vs_phase3,0.5056588838329155,0.37152093032711897,0.00010347835900093154,40317.2318909963,0.14979935355384438,0.9941411629377831
284,SpectralClustering,phase1_vs_phase4,0.5197343490824274,0.4494951390713562,0.0012236183611733199,43250.086936316875,0.1415942540220906,0.9832778085379648
284,SpectralClustering,phase1_vs_phase5,0.5171279072619815,0.5996040685371016,0.0010529799370979486,39379.84397861458,0.14879832498576154,0.9565942119985488
285,SpectralClustering,phase1_vs_phase2,0.5014485677083333,0.005777532539193093,0.002821127667427355,3539.797113944458,0.5889169474072171,0.15030980529545512
285,SpectralClustering,phase1_vs_phase3,0.5332797207985869,0.6166168333040196,0.004131630146429611,50821.7507289843,0.18053743456354396,0.9092859024563352
285,SpectralClustering,phase1_vs_phase4,0.6136810010878917,0.3545866892020075,0.0381870133916194,31430.054071114162,0.1514744400334782,1.2503770230895628
285,SpectralClustering,phase1_vs_phase5,0.5472550382209869,0.0,0.07715588346056851,13824.324480491803,0.4077222260794514,0.7304359315830888
287,SpectralClustering,phase1_vs_phase2,0.5127116725637222,0.5025405775632754,0.0004561703274988217,128093.5633946438,0.15885328178449873,0.5971506858258394
287,SpectralClustering,phase1_vs_phase3,0.5047688802083333,0.018895301970141557,0.00911207609366792,16281.094690897302,0.5944261994485076,0.20698220675052906
287,SpectralClustering,phase1_vs_phase4,0.5036295572916667,0.014413599198526323,0.0069845077583828965,13032.465494871909,0.6175047062808495,0.25162124806358593
287,SpectralClustering,phase1_vs_phase5,0.502994694183132,0.011907458340074423,0.00578550994440727,9907.339210964628,0.5999831898464066,0.2189753488879594
288,SpectralClustering,phase1_vs_phase2,0.5201021152358616,0.5927457087389488,0.0013672879112094952,64351.04486046323,0.14351886155922444,0.8297375129557445
288,SpectralClustering,phase1_vs_phase3,0.5130680375705269,0.4547722104027584,0.0005147257498643689,94537.00460510509,0.153823884616123,0.7078368823002481
288,SpectralClustering,phase1_vs_phase4,0.5061059571120404,0.5792705150130365,0.0001137970258246142,83961.84114601319,0.15168028952819598,0.710146988772734
288,SpectralClustering,phase1_vs_phase5,0.5040225289234062,0.552101888136801,3.7407509371937875e-05,97141.90975697208,0.14922439680213256,0.6948443903048096
289,SpectralClustering,phase1_vs_phase2,0.5088724495428165,0.5087560931576096,0.0002153284827129285,103587.81410601396,0.14653933575073505,0.68723163269729
289,SpectralClustering,phase1_vs_phase3,0.5145810518113604,0.5494059692842655,0.0006192369826531908,112997.87353402138,0.1566975470324123,0.641445629848769
289,SpectralClustering,phase1_vs_phase4,0.5210984730090134,0.5017826984424845,0.0012854999025139562,132869.37223602855,0.16864980182184855,0.6018786220914204
289,SpectralClustering,phase1_vs_phase5,0.5312525105148053,0.495101586909322,0.0028959516998766388,125423.16700601787,0.16039209779160024,0.625639439455153
292,SpectralClustering,phase1_vs_phase2,0.5226324313630291,0.4403722536697688,0.0016651368490473762,61478.43518342105,0.1353992004009868,0.7761696751867151
292,SpectralClustering,phase1_vs_phase3,0.6133463541666666,0.560977625597733,0.16316153433685573,58562.332711836316,0.27306272618358574,0.5441533447554501
292,SpectralClustering,phase1_vs_phase4,0.8174153645833333,0.31093310420333437,0.44851230496989053,474335.4077209262,0.23062312077173905,0.27871978719897794
292,SpectralClustering,phase1_vs_phase5,0.9822596920673154,0.9819392895015907,0.8882190777561969,161754.02353597342,0.2239496191002339,0.4834139253811458
304,SpectralClustering,phase1_vs_phase2,0.9031569542340911,0.9130221568365208,0.6283807085310098,42405.49309207873,0.23384702177510722,1.0109896785307793
304,SpectralClustering,phase1_vs_phase3,0.5613600501495334,0.5714285714285714,0.010900036936261397,35318.12743492126,0.14005715726679882,1.2706328177415194
304,SpectralClustering,phase1_vs_phase4,0.9323604354876072,0.0,0.7070066018470894,42852.7623876401,0.23375878883460885,1.038386892307981
304,SpectralClustering,phase1_vs_phase5,0.528002313577557,0.4118688297231701,0.0023942614626326396,31750.15375812841,0.13234682978220966,1.3083413738805767
305,SpectralClustering,phase1_vs_phase2,0.5021290348683776,0.01052158850323988,0.0008196274321788106,11691.67974135423,0.48147323220047267,0.25245994784993003
305,SpectralClustering,phase1_vs_phase3,0.5007374373453993,0.02125351033954557,5.068026041064165e-05,19956.88439286622,0.4843049657879111,0.22858365669363473
305,SpectralClustering,phase1_vs_phase4,0.5010076070337577,0.015293553031514959,0.00013507652244381453,15629.591146176428,0.4855793363927704,0.2731730957677922
305,SpectralClustering,phase1_vs_phase5,0.5018618934592596,0.6665714160109024,0.0004016315181817911,26965.296332298556,0.5103495320010638,0.2947318442069161
306,SpectralClustering,phase1_vs_phase2,0.5043846586584599,0.0,0.008463820720260872,46564.50833834292,0.7420305598541318,0.1788684202874968
306,SpectralClustering,phase1_vs_phase3,0.5009835056302534,0.013526508109494198,0.00014628520078994035,98506.53639693657,0.7093999794892629,0.1618920276207633
306,SpectralClustering,phase1_vs_phase4,0.5040868327873193,0.0,0.007903369491987885,44145.93470890225,0.7383961305332892,0.16003849795104583
306,SpectralClustering,phase1_vs_phase5,0.5008403822500356,0.01485655737704918,9.250974326278734e-05,85684.03188617901,0.6854010174510858,0.16628598963354205
307,SpectralClustering,phase1_vs_phase2,0.5030737174614894,0.035758284107780265,0.0007927397936353474,38714.13517165872,0.5387242764553068,0.36190263489109414
307,SpectralClustering,phase1_vs_phase3,0.5031727229118064,0.03582598805800398,0.0008504578388567832,40605.62680443697,0.5186927020779653,0.3968295673663167
307,SpectralClustering,phase1_vs_phase4,0.5000818940355198,0.023592254618295123,-2.091500229972027e-05,41158.53254213251,0.5760884926362112,0.34878137981129503
307,SpectralClustering,phase1_vs_phase5,0.5061684189967774,0.02437299035369775,0.011686413949603972,22219.914678090416,0.6019476964443009,0.2142625997286966
308,SpectralClustering,phase1_vs_phase2,0.5081868489583333,0.032219837939980144,0.015330655142811714,20566.772501358962,0.5289443440065636,0.22769558049876368
308,SpectralClustering,phase1_vs_phase3,0.5067708333333333,0.026721479958890036,0.012782285300948448,13664.988120108652,0.4817276298697495,0.2146600934144603
308,SpectralClustering,phase1_vs_phase4,0.5102864583333333,0.04031640724674662,0.019043709941244224,23390.506259767837,0.4948182343873579,0.24059476445851574
308,SpectralClustering,phase1_vs_phase5,0.5101559194036652,0.039814962513957566,0.018814859372377354,23351.303543691934,0.5127287277447633,0.22215230237084502
309,SpectralClustering,phase1_vs_phase2,0.6033707031120735,0.7066645482211168,0.07410805934140371,27989.247610837527,0.1548299200589564,0.9125183589703997
309,SpectralClustering,phase1_vs_phase3,0.5152939531006981,0.5300077942322681,0.0006944637970575877,75626.64069098272,0.16656486129370096,0.7887561017847698
309,SpectralClustering,phase1_vs_phase4,0.8602700287898342,0.0,0.5324500461752328,78480.89852915725,0.2153279817407988,0.7975044179965926
309,SpectralClustering,phase1_vs_phase5,0.8622058969522486,0.0,0.536403024023879,71050.37123600168,0.2144097944385732,0.8449193131643982
310,SpectralClustering,phase1_vs_phase2,0.5065852609285548,0.0,0.012545441920986162,11035.446699417762,0.530199698139071,0.2678820379018758
310,SpectralClustering,phase1_vs_phase3,0.5054601409709123,0.0,0.010471284375600567,13159.075976701832,0.6356828191846563,0.2087934940570372
310,SpectralClustering,phase1_vs_phase4,0.5063867103477944,0.0,0.012181261458770137,9560.704886540758,0.5529275732448271,0.27725891699262484
310,SpectralClustering,phase1_vs_phase5,0.5054766868526424,0.0,0.010502056629478663,14612.542313671782,0.6279551089717615,0.20351690087717542
311,SpectralClustering,phase1_vs_phase2,0.5744808745765289,0.43243506177643737,0.01605984482086819,66093.27216162962,0.12169377210264044,0.8446557409184462
311,SpectralClustering,phase1_vs_phase3,0.50517578125,0.02049101101875121,0.00986484480709982,9234.050628741481,0.492068987638588,0.2105500749725294
311,SpectralClustering,phase1_vs_phase4,0.5014485677083333,0.005777532539193093,0.002821127667427355,5849.161864815022,0.664588567184661,0.11981152934751632
311,SpectralClustering,phase1_vs_phase5,0.5032062758373751,0.012743385729995471,0.0061861976052582255,26845.026974514683,0.726201357734715,0.1837052924826451
312,SpectralClustering,phase1_vs_phase2,0.50146484375,0.005842259006815969,0.002852690933026611,1162.8303735729596,0.3773781876111805,0.26104070622842857
312,SpectralClustering,phase1_vs_phase3,0.517281376873304,0.5077777406081692,0.0008525190180420364,63907.02375108763,0.15533742454096347,0.8665756324323697
312,SpectralClustering,phase1_vs_phase4,0.635811878947744,0.7232851260419806,0.10558138142259695,39347.56751610681,0.15934897123407282,0.8602665970315245
312,SpectralClustering,phase1_vs_phase5,0.52840086514953,0.5239625078660616,0.0023189774959571936,122495.04750955873,0.1567827079612234,0.6225120245884497
313,SpectralClustering,phase1_vs_phase2,0.8135279129024786,0.0,0.4452758738963937,120130.67363973802,0.1962655100105614,0.47585952449141966
313,SpectralClustering,phase1_vs_phase3,0.8139581058274595,0.8453029552583787,0.446016071354045,136527.67254210383,0.21644329245833013,0.46645568789990144
313,SpectralClustering,phase1_vs_phase4,0.813709917601509,0.0,0.4455889117941591,186633.84397109094,0.2360746905381278,0.41695558411954803
313,SpectralClustering,phase1_vs_phase5,0.6153054846792444,0.1674484467652005,0.06101077398742493,77284.11205525111,0.2470737640965538,0.6466100571999615
314,SpectralClustering,phase1_vs_phase2,0.501318359375,0.005259569494496932,0.0025683265087333837,2103.6148102123952,0.5073110852922416,0.1817318388350563
314,SpectralClustering,phase1_vs_phase3,0.5137617511308076,0.491496515764339,0.0005347790376929167,147771.47541338307,0.15947980612012722,0.5679089759491374
314,SpectralClustering,phase1_vs_phase4,0.5374077938729566,0.5632356818287557,0.004094305867019752,94504.21513623674,0.14658566381538332,0.7146658812252353
314,SpectralClustering,phase1_vs_phase5,0.5157152537999787,0.4828811635214952,0.000701031304365635,149266.88236286098,0.16255412831462052,0.5545155220214295
315,SpectralClustering,phase1_vs_phase2,0.506689453125,0.02640454852076708,0.012634673634792001,11176.972226133847,0.474679068775435,0.2434212186211234
315,SpectralClustering,phase1_vs_phase3,0.520147597020914,0.4855471015129418,0.0011919049403884441,98111.59064224755,0.1338322195185172,0.6088547039657529
315,SpectralClustering,phase1_vs_phase4,0.50484306037282,0.024749142435802906,0.004438137466157644,9853.922070089377,0.41939051202943023,0.2364558621586237
315,SpectralClustering,phase1_vs_phase5,0.5443913683983207,0.5274922918807811,0.006412580745712355,89687.13649197193,0.13758070010802176,0.6215420456619797
316,SpectralClustering,phase1_vs_phase2,0.89755859375,0.1872294855205033,0.6113746630650418,42670.32971934495,0.24116435333222774,0.8765670527426189
316,SpectralClustering,phase1_vs_phase3,0.506035512697413,0.439854191980559,9.899436940616829e-05,115454.71252176208,0.18677089909885886,0.6763202370271337
316,SpectralClustering,phase1_vs_phase4,1.0,1.0,1.0,34580.13769904889,0.24932997769552623,1.0987075925930825
316,SpectralClustering,phase1_vs_phase5,0.5110127812894282,0.5600745385707524,0.0003602160821024432,115420.76704222024,0.1917897652086327,0.6694760646658171
317,SpectralClustering,phase1_vs_phase2,0.5485934368562617,0.4950090744101634,0.0070653468424555135,66241.2595900588,0.1492833156366986,0.8799735830006098
317,SpectralClustering,phase1_vs_phase3,0.5588542490729135,0.45810818954261495,0.012307745638036804,116556.523551168,0.16363516451304286,0.5850808364089753
317,SpectralClustering,phase1_vs_phase4,0.5193566085415011,0.41236,0.0013034676372118655,69307.37586762506,0.14586567913845236,0.774377549267237
317,SpectralClustering,phase1_vs_phase5,0.5164572585814774,0.5833122931976134,0.001066941585333984,85514.88944040037,0.15386736835453105,0.646965364371928
318,SpectralClustering,phase1_vs_phase2,0.5024176344714832,0.03814199395770392,0.00042043217650296257,11690.503454007228,0.31205676445967584,0.3961926613426643
318,SpectralClustering,phase1_vs_phase3,0.5078592938217678,0.0,0.014864297397020027,7720.618910378781,0.35315039093117334,0.24304055859725426
318,SpectralClustering,phase1_vs_phase4,0.5077600185313875,0.0,0.014684695826704567,6779.291787913797,0.3674800271884507,0.25148764591641926
318,SpectralClustering,phase1_vs_phase5,0.5183765835550886,0.01381917332837578,0.018465317747153705,22533.346067410337,0.33384446827979575,0.3520893413113427
413,SpectralClustering,phase1_vs_phase2,0.5570352620531578,0.5543910610836952,0.009399815725190929,70601.40830474682,0.1358822915418534,0.8506342166673071
413,SpectralClustering,phase1_vs_phase3,0.612288393684437,0.612467813622423,0.03668347896066412,62083.79101376988,0.13525702227974265,0.9056796368243717
413,SpectralClustering,phase1_vs_phase4,0.5527829445955981,0.5574574509549174,0.008043375782538751,55382.08404942847,0.13323976481824854,0.9503372787824705
413,SpectralClustering,phase1_vs_phase5,0.5072606205171002,0.4971626575603877,0.00014073242573272004,55112.76970792664,0.13647123379814602,0.9464116865595475
414,SpectralClustering,phase1_vs_phase2,0.5783180939945689,0.5319396473368478,0.01882664006946809,59001.038866244206,0.12671982838869525,0.8906111451682497
414,SpectralClustering,phase1_vs_phase3,0.5674228457779046,0.4243463209227236,0.013167506557352332,76808.20644224079,0.12423781962060751,0.7666287278060273
414,SpectralClustering,phase1_vs_phase4,0.5159201517076384,0.5047989787394997,0.0007250846644370658,86121.24259427284,0.1312754811747459,0.7630561620039572
414,SpectralClustering,phase1_vs_phase5,0.523373045388456,0.5117693509635579,0.0015714856179562026,85025.715283933,0.12764986561734853,0.7492999600797526
415,SpectralClustering,phase1_vs_phase2,0.8838812718586609,0.8974815940165946,0.5826813691847572,44442.41104309859,0.17106482062480644,0.9854648700455316
415,SpectralClustering,phase1_vs_phase3,0.5839777825002481,0.3488638971769566,0.05708840804463582,54729.23807363916,0.27730865925055287,0.6154177082990192
415,SpectralClustering,phase1_vs_phase4,0.9368788411005907,0.056888007928642216,0.6609170602319477,69192.27814202577,0.23567207060072332,0.8485890907996457
415,SpectralClustering,phase1_vs_phase5,0.7120595143732007,0.44115443247293495,0.2406794725972882,74175.11558935276,0.23879037877457177,0.659551933553962
416,SpectralClustering,phase1_vs_phase2,0.525634765625,0.09753831862517418,0.044354863453017083,16957.33095418656,0.5208017529701721,0.4212193365469858
416,SpectralClustering,phase1_vs_phase3,0.7200032552083333,0.4403009905044662,0.3000898843105327,47485.62948244178,0.256671418295267,0.8370523019708203
416,SpectralClustering,phase1_vs_phase4,0.79541015625,0.34199893890544014,0.4115651504199996,47179.75347400552,0.2321152826997519,0.8682455548286888
416,SpectralClustering,phase1_vs_phase5,0.80830078125,0.32394075663187427,0.4329024402344538,123850.33288949235,0.24324403119422044,0.603675191068376
423,SpectralClustering,phase1_vs_phase2,0.5034342447916667,0.01364327050531829,0.006616716051637637,30345.820157711874,0.7395885024846955,0.1979358755295299
423,SpectralClustering,phase1_vs_phase3,0.5019205729166667,0.0076528957779363116,0.0037332363860678834,5472.46962754652,0.6243124384391558,0.13882174128253832
423,SpectralClustering,phase1_vs_phase4,0.9703538323881499,0.044104570513960516,0.8122846567624835,50703.847069074116,0.2080914259286509,0.919267068523415
423,SpectralClustering,phase1_vs_phase5,0.9684814105726116,0.026457731958762887,0.7988327424595195,45326.300056976404,0.20333789410443662,0.9725773548160099
424,SpectralClustering,phase1_vs_phase2,0.5011881510416667,0.6692507588496058,0.0023149924346376285,1915.4802054959132,0.6018239736186035,0.20736348279570077
424,SpectralClustering,phase1_vs_phase3,0.5197591145833333,0.07603181561971567,0.03499209451455792,9294.065514248945,0.45833171993892974,0.45319300034589693
424,SpectralClustering,phase1_vs_phase4,0.5177749402021493,0.5296427345068004,0.0009466597867550277,57625.874657216445,0.16372181763077104,0.8657426363102643
424,SpectralClustering,phase1_vs_phase5,0.5199366337972385,0.5158033228283817,0.0011652733248619452,80697.44288656043,0.1549115846886429,0.7205558937085036
425,SpectralClustering,phase1_vs_phase2,0.5124338794896216,0.48404836667071455,0.0004425916536509553,58357.74055763091,0.16262193799049246,0.9705570368532975
425,SpectralClustering,phase1_vs_phase3,0.5149824461767638,0.49508364629566404,0.0006424430598971895,124347.95556002666,0.17955621146061912,0.6289303995899662
425,SpectralClustering,phase1_vs_phase4,0.6347127088788304,0.28639855566404454,0.0571075192028056,70992.82694889557,0.15097238478750336,0.78711282568266
425,SpectralClustering,phase1_vs_phase5,0.6516718902532347,0.6944921677614957,0.07485437002462848,75195.43739222854,0.18037629542938716,0.7344331591541016
437,SpectralClustering,phase1_vs_phase2,0.6200578388441461,0.016065922106190563,0.14356188193243485,63187.89916675763,0.19594936199952417,0.4908220858666767
437,SpectralClustering,phase1_vs_phase3,0.5057903121018648,0.46653811452933996,8.796940009132506e-05,166358.67358348556,0.163978695949737,0.5268000835497864
437,SpectralClustering,phase1_vs_phase4,0.5622835931166029,0.6415252179075478,0.01469347372602102,130562.98603823199,0.16548659098660343,0.5195857894580043
437,SpectralClustering,phase1_vs_phase5,0.5015462239583334,0.006165828330358591,0.003010385839566636,1551.9890034007742,0.40814433879839923,0.2537526809686122
439,SpectralClustering,phase1_vs_phase2,0.76591796875,0.6943771516001531,0.36557497205693773,333944.0664042191,0.22129565406995122,0.2560955829200308
439,SpectralClustering,phase1_vs_phase3,1.0,0.0,1.0,6703584.606403135,0.23857275062384295,0.08163584315735499
439,SpectralClustering,phase1_vs_phase4,1.0,0.0,1.0,6839357.263088521,0.24990167753491965,0.07796353844997908
439,SpectralClustering,phase1_vs_phase5,1.0,0.0,1.0,7120700.448280828,0.2469749646959783,0.07768902065773045
440,SpectralClustering,phase1_vs_phase2,0.5079731711759364,0.4365413971069274,0.00018211263819458502,46800.67389207319,0.1287435840662061,1.0360748899417593
440,SpectralClustering,phase1_vs_phase3,0.6209343520813685,0.417567859013464,0.043538763760629706,37369.11604156432,0.12972389968158102,1.173993271568548
440,SpectralClustering,phase1_vs_phase4,0.6924958690233172,0.15460269865067466,0.13664757898708157,35879.601400585634,0.16003358071834822,1.1112343152287234
440,SpectralClustering,phase1_vs_phase5,0.6312507513510747,0.2513546582765251,0.058497573525595196,39120.23106895166,0.14857671724407762,1.1124451905458095
441,SpectralClustering,phase1_vs_phase2,0.532177734375,0.120928525552803,0.05440727222560352,30185.856160637068,0.420435828323904,0.3291173857246019
441,SpectralClustering,phase1_vs_phase3,1.0,0.0,1.0,426444.4945726766,0.22906059167179718,0.32209643940225835
441,SpectralClustering,phase1_vs_phase4,1.0,0.0,1.0,861201.6738048894,0.2525975032506891,0.2242537158428376
441,SpectralClustering,phase1_vs_phase5,1.0,0.0,1.0,457084.65771556157,0.235501365952253,0.3105891239351171
442,SpectralClustering,phase1_vs_phase2,0.5907734976727184,0.22224614589613298,0.034556578828110245,76324.6098009756,0.16604834420689144,0.7292507770981054
442,SpectralClustering,phase1_vs_phase3,0.5228316282672946,0.533769222875405,0.001608639871432911,75059.09826647805,0.16792416355445594,0.8069935716278949
442,SpectralClustering,phase1_vs_phase4,0.5450614081657029,0.33435257909147226,0.007119720816784248,60568.059720123,0.1658596339221487,0.8736879939908877
442,SpectralClustering,phase1_vs_phase5,0.5026840053934404,0.4212570222071409,1.0828546185242401e-05,87420.13308524757,0.1708426062820209,0.7463855719779373
