Subject,Phase_vs_phase,model,AUC,F1,AMI,CHS
100,Birch,phase1_vs_phase2,0.5052967810891947,0.027392108314789856,0.0018609871163793416,62600.061486515915
100,Birch,phase1_vs_phase3,0.5054019330760449,0.6661084502796664,0.0010306918149066216,98228.55911532066
100,Birch,phase1_vs_phase4,0.5114707378972045,0.03127795428606681,0.006057132359990894,92679.05333127457
100,Birch,phase1_vs_phase5,0.5045320635549415,0.03029259896729776,0.0012954930318642404,64138.794234226174
100,KMeans,phase1_vs_phase2,0.5112368511946126,0.034450938172869885,0.0054667689515833316,73691.73414920617
100,KMeans,phase1_vs_phase3,0.5052871912641881,0.054375323844067174,0.0009858668473581489,98252.05126119856
100,KMeans,phase1_vs_phase4,0.5117715320090424,0.031917187836963554,0.006220281880144075,93063.58687731164
100,KMeans,phase1_vs_phase5,0.5117522864961372,0.031260597465856896,0.006295589587782906,70112.32924896764
100,GaussianMixture,phase1_vs_phase2,0.5153451855491371,0.04243598280767601,0.007701868165241898,58458.15717775192
100,GaussianMixture,phase1_vs_phase3,0.5064445934651005,0.05408694065038177,0.0014274902674674694,96865.12065522124
100,GaussianMixture,phase1_vs_phase4,0.7144730753907931,0.42558539489350444,0.20996064649454063,892.6767319644716
100,GaussianMixture,phase1_vs_phase5,0.5562145176512362,0.26804234510183245,0.03372306438302735,7645.225182868547
208,Birch,phase1_vs_phase2,0.5018330590982701,0.02429459588713534,0.00040747314658294646,33294.73211029763
208,Birch,phase1_vs_phase3,0.5043681127767299,0.0,0.008432737558433686,15579.859288768568
208,Birch,phase1_vs_phase4,0.502748333971901,0.008284631687110654,0.001511138961211739,15031.238617072653
208,Birch,phase1_vs_phase5,0.5475386949877183,0.6118412583238734,0.02504633608082414,27944.949033918445
208,KMeans,phase1_vs_phase2,0.5022810356144933,0.04277170679775809,0.0003162301409077093,34774.67947340992
208,KMeans,phase1_vs_phase3,0.5268385738535772,0.5391195893762293,0.002072978129189845,41469.16945812987
208,KMeans,phase1_vs_phase4,0.5108405934852659,0.39067624550991725,0.00038292005369124484,44033.99159125396
208,KMeans,phase1_vs_phase5,0.5214038723873669,0.5133912830182894,0.0013426863880239472,57792.385759480254
208,GaussianMixture,phase1_vs_phase2,0.5022441660901461,0.04360747020364751,0.00029695861790549164,32810.12928033833
208,GaussianMixture,phase1_vs_phase3,0.9934809225983653,0.9936281010447326,0.9501053549004009,2732.3760119875437
208,GaussianMixture,phase1_vs_phase4,0.5490003928354263,0.5403019511461102,0.006946831242216518,293.58114299793937
208,GaussianMixture,phase1_vs_phase5,0.8091027213848266,0.8339197242765851,0.34683543889718393,2744.216269477859
209,Birch,phase1_vs_phase2,0.5005294682153612,0.0,0.0010324683838760424,503.6560047081908
209,Birch,phase1_vs_phase3,0.6038248697916666,0.34389067090757164,0.15115931234423466,118007.04814499256
209,Birch,phase1_vs_phase4,0.7267740885416667,0.6240566143372226,0.3093685966077062,161660.47929039624
209,Birch,phase1_vs_phase5,0.6004524592298428,0.3345892174667281,0.1468871372628319,209378.51207122512
209,KMeans,phase1_vs_phase2,0.72802734375,0.6264252179745138,0.3110986635273221,49540.471050228974
209,KMeans,phase1_vs_phase3,0.6169270833333333,0.37906289573659774,0.16765921400007128,123550.69307877995
209,KMeans,phase1_vs_phase4,0.8058756510416667,0.32736804545329784,0.4288241972346503,175609.7616314399
209,KMeans,phase1_vs_phase5,0.6108362357996159,0.36290000266446404,0.16000248043783752,217414.45330493423
209,GaussianMixture,phase1_vs_phase2,0.748388671875,0.6637959157043126,0.33981437735529746,46612.89023808257
209,GaussianMixture,phase1_vs_phase3,0.7607747395833333,0.6855504685293741,0.3579068005297947,48353.066485359406
209,GaussianMixture,phase1_vs_phase4,1.0,1.0,1.0,133113.19371743116
209,GaussianMixture,phase1_vs_phase5,0.8429250349923505,0.8136548821223765,0.4948359355233802,40933.59604927953
210,Birch,phase1_vs_phase2,0.5839746187466909,0.28197130380536495,0.025243071762568122,54945.024265600485
210,Birch,phase1_vs_phase3,0.5693298006583193,0.4820803336087179,0.016462777759737045,39376.63058407409
210,Birch,phase1_vs_phase4,0.5553789627386744,0.34076952973183056,0.010253993645982878,35467.21727893567
210,Birch,phase1_vs_phase5,0.5165636491234292,0.306385780118499,0.0011796996641417249,78189.54296163886
210,KMeans,phase1_vs_phase2,0.534117601664102,0.4841681333143066,0.0033669625276828677,74131.67056356459
210,KMeans,phase1_vs_phase3,0.5130974388267728,0.4311816629735915,0.0005115678649474384,42958.15377449189
210,KMeans,phase1_vs_phase4,0.5807559697024224,0.5804640165509088,0.018890045519272498,43216.2864821672
210,KMeans,phase1_vs_phase5,0.5054673784813672,0.5475621307112896,7.798695698470622e-05,96425.51875823639
210,GaussianMixture,phase1_vs_phase2,0.9758929201593989,0.9768344065506002,0.8602969040880122,7084.7407888264315
210,GaussianMixture,phase1_vs_phase3,1.0,0.0,1.0,26855.697323792025
210,GaussianMixture,phase1_vs_phase4,0.9431966145833334,0.10833630818420277,0.7374081713074908,14898.29780480653
210,GaussianMixture,phase1_vs_phase5,0.854985189284203,0.2551181102362205,0.5182897440029715,1957.4583439225041
211,Birch,phase1_vs_phase2,0.5709126469222592,0.6013343307735759,0.014953913321940593,69854.18171174197
211,Birch,phase1_vs_phase3,0.5021340115593667,0.3839344854579394,3.612326272879017e-06,68175.6484967106
211,Birch,phase1_vs_phase4,0.5053127291216826,0.4928948971694851,6.962543848027368e-05,149991.82162488744
211,Birch,phase1_vs_phase5,0.540799314080054,0.6272301725290892,0.006475464740864914,51377.24513072102
211,KMeans,phase1_vs_phase2,0.5150598078687043,0.47231418152486265,0.0006453420163961131,74465.81947985054
211,KMeans,phase1_vs_phase3,0.5104811778315175,0.5093414906914019,0.0003052194467722204,104385.93147853202
211,KMeans,phase1_vs_phase4,0.5251392487833607,0.4966952033236812,0.0018273884528315519,155546.15405730304
211,KMeans,phase1_vs_phase5,0.5264120766639806,0.5022903371065667,0.0020328105876925313,92804.9631066564
211,GaussianMixture,phase1_vs_phase2,0.5171696517764073,0.5446042019605287,0.0009224115907971748,5878.172370610189
211,GaussianMixture,phase1_vs_phase3,0.5120340363006304,0.48777925510086834,0.0004060886976959496,95681.82471270238
211,GaussianMixture,phase1_vs_phase4,0.5047802635810665,0.47412307424492994,5.5409413646858835e-05,113195.97313046012
211,GaussianMixture,phase1_vs_phase5,0.6993587448325249,0.46521936231300054,0.2724361814321512,2498.4892466416172
212,Birch,phase1_vs_phase2,0.5414876302083333,0.1532357449878265,0.06816016582922506,33857.25504445302
212,Birch,phase1_vs_phase3,0.5106013245236855,0.5274272306423996,0.00031413798995166023,29856.90210674155
212,Birch,phase1_vs_phase4,0.5026011774204557,0.049870705578130774,0.000272373354208228,29099.95968843264
212,Birch,phase1_vs_phase5,1.0,1.0,1.0,110680.08015509968
212,KMeans,phase1_vs_phase2,0.5438802083333333,0.16135982762748385,0.0716062247212524,34063.62214750002
212,KMeans,phase1_vs_phase3,0.512394295406553,0.43884607412711274,0.00047775799627497207,31605.9613661342
212,KMeans,phase1_vs_phase4,0.5131468389480749,0.16867939228671602,0.0022333217156735087,45681.77917483426
212,KMeans,phase1_vs_phase5,1.0,0.0,1.0,110680.08015509968
212,GaussianMixture,phase1_vs_phase2,0.5459798177083334,0.16843046653748694,0.07460398873391211,33612.83099060343
212,GaussianMixture,phase1_vs_phase3,0.7248659961318831,0.645436403739103,0.22094893916048008,16085.852751403016
212,GaussianMixture,phase1_vs_phase4,0.5669188717932013,0.303743091390104,0.04123397743046455,27093.31738661759
212,GaussianMixture,phase1_vs_phase5,1.0,0.0,1.0,110680.08015509968
215,Birch,phase1_vs_phase2,0.5248046875,0.6478282576135796,0.043052874284815565,62818.5880044322
215,Birch,phase1_vs_phase3,0.509423828125,0.036997987156139174,0.017527244531621057,28295.566042746752
215,Birch,phase1_vs_phase4,0.5508138020833333,0.18450446191123457,0.08141936287191927,23035.50385665282
215,Birch,phase1_vs_phase5,0.5088541666666667,0.034800409416581364,0.016518959460091208,24243.29032565491
215,KMeans,phase1_vs_phase2,0.5214518229166667,0.08227729571134276,0.03772572260010085,63265.505997742366
215,KMeans,phase1_vs_phase3,0.5009443465048893,0.5088994411603192,-9.265278277106152e-06,33264.505607767605
215,KMeans,phase1_vs_phase4,0.6689945300349118,0.4895948527194129,0.17426510420143448,25281.509959662835
215,KMeans,phase1_vs_phase5,0.5196422722200851,0.5182966960642359,0.0011019367117097551,29091.13508453358
215,GaussianMixture,phase1_vs_phase2,0.8665364583333333,0.8459804658151766,0.5418403758663015,196.3289527785539
215,GaussianMixture,phase1_vs_phase3,0.99375,0.9937106918238994,0.9511445367584936,5979.0818936290725
215,GaussianMixture,phase1_vs_phase4,0.987255859375,0.9870913497205598,0.9135803323228455,13420.690810717768
215,GaussianMixture,phase1_vs_phase5,1.0,1.0,1.0,7702.022650144321
216,Birch,phase1_vs_phase2,0.5148111979166666,0.05754030983243756,0.02681099940533262,23533.52952802129
216,Birch,phase1_vs_phase3,0.5633957752934825,0.3890873544832489,0.012043011196964996,27990.076078833423
216,Birch,phase1_vs_phase4,0.5250325520833333,0.09535619071238143,0.04341092501507201,49389.38713373796
216,Birch,phase1_vs_phase5,0.5137123800940633,0.1596981727060281,0.0026743386874528096,35242.35768598865
216,KMeans,phase1_vs_phase2,0.5216395831265098,0.20877254468498097,0.004884181426193857,44418.43882105097
216,KMeans,phase1_vs_phase3,0.5140741806815455,0.5707413617746502,0.00069317909353381,36846.07544040588
216,KMeans,phase1_vs_phase4,0.5360677083333333,0.13456400291474374,0.06022489855088413,52983.81901968681
216,KMeans,phase1_vs_phase5,0.5020271419678017,0.5574031923684706,8.681403996850116e-07,61442.687911052875
216,GaussianMixture,phase1_vs_phase2,0.5360582639311154,0.6174217731421121,0.004794076860377905,10379.64470826991
216,GaussianMixture,phase1_vs_phase3,0.8756310250277143,0.8743770179650634,0.4591895246438178,5834.725382729976
216,GaussianMixture,phase1_vs_phase4,1.0,0.0,1.0,2859.2015396822494
216,GaussianMixture,phase1_vs_phase5,1.0,1.0,1.0,430.44451305647345
217,Birch,phase1_vs_phase2,0.5155144092008546,0.032466142887713614,0.009417029926929025,12318.631890865101
217,Birch,phase1_vs_phase3,0.5069365652223146,0.46678718275910963,0.00013164702369908432,77310.50812852105
217,Birch,phase1_vs_phase4,0.6344320913710124,0.18508165367073712,0.07257455171352162,48447.57898983139
217,Birch,phase1_vs_phase5,0.5165505724228755,0.5635980531813866,0.0008252152170181521,58114.068552250916
217,KMeans,phase1_vs_phase2,0.5432724380253318,0.46253511064928315,0.005399014484480979,66976.50451789265
217,KMeans,phase1_vs_phase3,0.5181571678440096,0.4335972485938452,0.0009810146471630904,79087.18271510083
217,KMeans,phase1_vs_phase4,0.5820113593941312,0.6588292262993651,0.025874117682502848,51036.92045200807
217,KMeans,phase1_vs_phase5,0.5357875901104231,0.589156538825413,0.00401563921594095,59564.04173921178
217,GaussianMixture,phase1_vs_phase2,0.8678814042257148,3.776720296094871e-05,0.5479298733038683,6348.565261505384
217,GaussianMixture,phase1_vs_phase3,0.9999837239583333,0.9999837236934195,0.9997318841539896,2298.0912386874647
217,GaussianMixture,phase1_vs_phase4,0.7824055989583334,0.35982666738440006,0.39083548579611727,4606.310540976019
217,GaussianMixture,phase1_vs_phase5,0.5154181570886693,0.5960530288474735,0.000837783807137825,8468.982876595594
219,Birch,phase1_vs_phase2,0.515542412782521,0.5791709231679123,0.0009106688460588071,58582.754587695534
219,Birch,phase1_vs_phase3,0.50805823381244,0.053674881783734696,0.004319124082117658,79106.04575216814
219,Birch,phase1_vs_phase4,0.5081668420142336,0.06954968274502556,0.0029356376666568773,52761.13468719327
219,Birch,phase1_vs_phase5,0.5122638382386702,0.6464570431450372,0.0026376677930114688,42078.18728865841
219,KMeans,phase1_vs_phase2,0.5024054561208388,0.6159034795224884,1.4755447892401675e-05,62379.14732204111
219,KMeans,phase1_vs_phase3,0.5082782730339356,0.05624121231057647,0.004275060943476379,81007.45695267203
219,KMeans,phase1_vs_phase4,0.5094786525163184,0.061602665919212686,0.0051749106836586276,55941.900112816395
219,KMeans,phase1_vs_phase5,0.5067888512168462,0.6186384497705253,0.00020960309880704115,55341.387730251496
219,GaussianMixture,phase1_vs_phase2,0.5908330709259904,0.3978982221262506,0.05004673815621759,5188.943619618136
219,GaussianMixture,phase1_vs_phase3,0.5082235084275415,0.05735505211258816,0.004068170490216495,80292.01173333373
219,GaussianMixture,phase1_vs_phase4,0.985657740486635,0.02427137147870163,0.8966705713361581,2582.5783805227147
219,GaussianMixture,phase1_vs_phase5,0.8305163743474718,0.799938472187506,0.4313476970131537,3563.37125982373
220,Birch,phase1_vs_phase2,0.5010521419548752,0.4703650854418265,-8.642130721345076e-06,86764.4879523654
220,Birch,phase1_vs_phase3,0.5661030531805321,0.5132896162818464,0.013541875632964264,139880.99255527582
220,Birch,phase1_vs_phase4,0.5005919079133782,0.05022760350540365,-3.0511852192924893e-06,10887.611390181732
220,Birch,phase1_vs_phase5,0.6212289285610874,0.538138042373388,0.05228259112539838,102923.67280343031
220,KMeans,phase1_vs_phase2,0.5026756209617707,0.49289131234737227,8.868645565481545e-06,89281.43767424993
220,KMeans,phase1_vs_phase3,0.5309866183242538,0.506298968004694,0.0028038834882577668,147473.8184754214
220,KMeans,phase1_vs_phase4,0.5115838105786096,0.4705882352941177,0.00037826584652341297,89967.34434318096
220,KMeans,phase1_vs_phase5,0.5184094990036276,0.48296291447088474,0.0009662488600438933,135453.9464559643
220,GaussianMixture,phase1_vs_phase2,0.8204729465785185,0.7994015253804329,0.35242611504579313,1004.2598684156309
220,GaussianMixture,phase1_vs_phase3,0.7188564817974619,0.3606816122526525,0.1569243711188639,498.0921291254455
220,GaussianMixture,phase1_vs_phase4,0.9123399185942619,0.0,0.6516826902479086,1299.6341104051448
220,GaussianMixture,phase1_vs_phase5,0.9059863000099275,0.9153481719853401,0.635437146289997,886.4597786176088
231,Birch,phase1_vs_phase2,0.5241456508115754,0.13332254671952107,0.006092226716836797,9520.924399688984
231,Birch,phase1_vs_phase3,0.938449319964261,0.0,0.7252923706398305,44927.21624288808
231,Birch,phase1_vs_phase4,0.517041015625,0.06591746151666823,0.030534872030564635,6559.547328392066
231,Birch,phase1_vs_phase5,0.938465865845991,0.0,0.7253431241183819,36912.55155191556
231,KMeans,phase1_vs_phase2,0.9520345052083333,0.09225808471339575,0.7666717730726964,66445.77353702614
231,KMeans,phase1_vs_phase3,1.0,1.0,1.0,67412.71051464239
231,KMeans,phase1_vs_phase4,1.0,1.0,1.0,42841.29277868566
231,KMeans,phase1_vs_phase5,1.0,0.0,1.0,52922.36033052333
231,GaussianMixture,phase1_vs_phase2,0.9999837239583333,0.9999837236934195,0.9997318841539896,62450.45367199083
231,GaussianMixture,phase1_vs_phase3,1.0,1.0,1.0,67412.71051464239
231,GaussianMixture,phase1_vs_phase4,1.0,0.0,1.0,42841.29277868566
231,GaussianMixture,phase1_vs_phase5,1.0,0.0,1.0,52922.36033052333
233,Birch,phase1_vs_phase2,0.5552594203589836,0.5950791702834565,0.009244368148486493,92142.8729144455
233,Birch,phase1_vs_phase3,0.5030891613616434,0.4746420771657365,1.614065208553607e-05,129905.70963573597
233,Birch,phase1_vs_phase4,0.5136310079647738,0.4897481766891427,0.0005317183410740302,130695.19836395935
233,Birch,phase1_vs_phase5,0.5910619243842864,0.37664718292809457,0.024455483818644666,97280.25097606171
233,KMeans,phase1_vs_phase2,0.507802089344142,0.4729092549406778,0.00016532223740673444,101401.4315818581
233,KMeans,phase1_vs_phase3,0.5310879618498502,0.5274227417781379,0.0027806053952975814,140268.7180589591
233,KMeans,phase1_vs_phase4,0.5206179524885006,0.5158724898932997,0.0012163143544558816,137415.3936181454
233,KMeans,phase1_vs_phase5,0.5243763430602435,0.4765773439035576,0.0017033479801310165,117077.77094856632
233,GaussianMixture,phase1_vs_phase2,0.9955589706212358,0.005214311481323583,0.9589484586492917,5047.739284189389
233,GaussianMixture,phase1_vs_phase3,0.8606119791666667,0.8380361600726227,0.5296235571585715,662.0383181331498
233,GaussianMixture,phase1_vs_phase4,1.0,1.0,1.0,1210.6860367097306
233,GaussianMixture,phase1_vs_phase5,1.0,1.0,1.0,4331.365329071397
235,Birch,phase1_vs_phase2,0.5566731770833333,0.20361382375299691,0.08953516429527017,34047.168516234655
235,Birch,phase1_vs_phase3,0.8868326822916667,0.8723915796428506,0.5861766282414254,28370.918646362214
235,Birch,phase1_vs_phase4,0.65654296875,0.5144257139722822,0.21736141653268248,69225.85195409296
235,Birch,phase1_vs_phase5,0.5220703125,0.08454919566030678,0.038716931950184844,17972.07792499031
235,KMeans,phase1_vs_phase2,0.5263834635416667,0.10024427197674778,0.04552375276077199,46648.39939628499
235,KMeans,phase1_vs_phase3,1.0,0.0,1.0,34748.21344081128
235,KMeans,phase1_vs_phase4,0.6810546875,0.5316891310582162,0.24859142215167326,74072.16843149673
235,KMeans,phase1_vs_phase5,0.866796875,0.23679527798272648,0.5423843968422767,94052.34946323273
235,GaussianMixture,phase1_vs_phase2,0.7631998697916667,0.6897272397688256,0.3615106269273457,2165.8081299081537
235,GaussianMixture,phase1_vs_phase3,1.0,1.0,1.0,34748.21344081128
235,GaussianMixture,phase1_vs_phase4,0.826513671875,0.7900986589472441,0.46456581936252733,40489.77907441466
235,GaussianMixture,phase1_vs_phase5,0.8877766927083333,0.8735906132551104,0.5883414851599857,80361.19238796554
237,Birch,phase1_vs_phase2,0.501708984375,0.006812652068126521,0.0033251765823521977,80964.4604695473
237,Birch,phase1_vs_phase3,0.504841291062225,0.07602783433103406,0.0007817569426671015,15932.015197099076
237,Birch,phase1_vs_phase4,0.6856282552083334,0.5414836795252226,0.254500190130701,15328.06152108217
237,Birch,phase1_vs_phase5,0.5162315099771666,0.0,0.02944268348970476,8312.618461908278
237,KMeans,phase1_vs_phase2,0.5025227864583334,0.010040485829959514,0.004887707811815057,98594.26626871305
237,KMeans,phase1_vs_phase3,0.6008069510541796,0.642322428529325,0.031588324383168734,31543.879683845564
237,KMeans,phase1_vs_phase4,1.0,1.0,1.0,33312.44061932589
237,KMeans,phase1_vs_phase5,0.5614751248179953,0.36757514808185554,0.011758771953123148,32193.172926794232
237,GaussianMixture,phase1_vs_phase2,0.509814453125,0.03850205918973279,0.018215468848965456,23132.050359338493
237,GaussianMixture,phase1_vs_phase3,0.6384957906242761,0.17265943012211668,0.07895399025403951,10024.962893596485
237,GaussianMixture,phase1_vs_phase4,1.0,0.0,1.0,33312.44061932589
237,GaussianMixture,phase1_vs_phase5,1.0,0.0,1.0,18853.837531721845
239,Birch,phase1_vs_phase2,0.9999837239583333,3.281916639317362e-05,0.9997318841539894,94512.21696163152
239,Birch,phase1_vs_phase3,1.0,0.0,1.0,37294.81962578555
239,Birch,phase1_vs_phase4,0.5968366746319576,0.46131027424689636,0.028899319215935203,60600.447676498916
239,Birch,phase1_vs_phase5,0.5033796433819575,0.3830868010403121,2.8785713185291595e-05,78693.22225559744
239,KMeans,phase1_vs_phase2,0.9999837239583333,3.281916639317362e-05,0.9997318841539894,94512.21696163152
239,KMeans,phase1_vs_phase3,0.5638761261540752,0.4792207201056033,0.012195606886402501,40010.68190103168
239,KMeans,phase1_vs_phase4,0.5361438969481122,0.48623836565850825,0.003975520453333515,65151.13087626564
239,KMeans,phase1_vs_phase5,0.531329618976782,0.50539804875065,0.0028975099730577008,92362.92177997326
239,GaussianMixture,phase1_vs_phase2,0.9999837239583333,0.9999837236934195,0.9997318841539896,94512.21696163152
239,GaussianMixture,phase1_vs_phase3,0.5376594641667908,0.5681755408930491,0.004180889330880373,14148.835430343426
239,GaussianMixture,phase1_vs_phase4,0.5465593517582068,0.491291247152201,0.0067005283798269545,64309.677982201385
239,GaussianMixture,phase1_vs_phase5,0.5180954504125096,0.5513616681859618,0.0010580728707448236,342.614606219385
244,Birch,phase1_vs_phase2,0.5167858842687961,0.08155940594059405,0.014659081847846943,18064.454360676205
244,Birch,phase1_vs_phase3,0.5426979695359294,0.6832598362064028,0.030663823298832188,15951.102855271212
244,Birch,phase1_vs_phase4,0.5092175248937961,0.053555171872547484,0.006176967677219866,37195.45138932541
244,Birch,phase1_vs_phase5,0.5000378373937961,0.01847176504426193,-2.1804332503634926e-05,11893.020415079716
244,KMeans,phase1_vs_phase2,0.9941243489583333,0.9940896216375514,0.9535429853697719,42743.32581434922
244,KMeans,phase1_vs_phase3,0.5254580462364324,0.45506505226742877,0.0020497880414026364,46175.08780092725
244,KMeans,phase1_vs_phase4,0.5123425248937961,0.0652167129528505,0.009517876355884837,37444.95997553129
244,KMeans,phase1_vs_phase5,0.5662306099716858,0.48331184214472067,0.013277609894854417,44702.42937707429
244,GaussianMixture,phase1_vs_phase2,0.9999837239583333,0.9999837236934195,0.9997318841539896,42616.81355747419
244,GaussianMixture,phase1_vs_phase3,0.9267513815811245,0.0,0.690809269664687,15915.509182720405
244,GaussianMixture,phase1_vs_phase4,0.7093947791150642,0.7345374767085413,0.13683003461013785,9280.689574372453
244,GaussianMixture,phase1_vs_phase5,0.606059998663403,0.6927838766553842,0.053215730407240217,781.7387735913214
245,Birch,phase1_vs_phase2,0.5009485201389233,0.0695330054047489,1.0937441669190272e-05,9258.483737386556
245,Birch,phase1_vs_phase3,0.6028444616668114,0.5525471245711756,0.03314205448212654,48346.931752547905
245,Birch,phase1_vs_phase4,0.5554449976111883,0.41000992633613703,0.009064358058021967,66488.53891334383
245,Birch,phase1_vs_phase5,0.5686247457363331,0.11675204138560633,0.035991084483775,27842.556901309348
245,KMeans,phase1_vs_phase2,0.9999837239583333,0.9999837236934195,0.9997318841539896,43350.140018103586
245,KMeans,phase1_vs_phase3,0.5226895114233803,0.5177363744861423,0.0014757022089396479,59061.30640204958
245,KMeans,phase1_vs_phase4,0.5449152889634832,0.5874217585692996,0.0061288239325917844,71745.80252415556
245,KMeans,phase1_vs_phase5,0.5179906296664557,0.43359375,0.0009631624411962228,64348.85901933932
245,GaussianMixture,phase1_vs_phase2,0.9999837239583333,0.9999837236934195,0.9997318841539896,43350.140018103586
245,GaussianMixture,phase1_vs_phase3,0.5895039955072761,0.4261241970021413,0.023296587829709833,6792.156513090581
245,GaussianMixture,phase1_vs_phase4,0.6519480190443099,0.6599842830336953,0.06780333221799094,3547.179077893974
245,GaussianMixture,phase1_vs_phase5,1.0,0.0,1.0,10099.608004903796
246,Birch,phase1_vs_phase2,0.57366828111815,0.22139386274379286,0.024612680547704144,40374.293414065934
246,Birch,phase1_vs_phase3,0.5105631510416667,0.041378430934999516,0.019527549955681987,41539.88404029951
246,Birch,phase1_vs_phase4,0.5205891927083334,0.07909957792715334,0.03633650188779356,8768.496479009946
246,Birch,phase1_vs_phase5,0.7980143229166667,0.7468896593922089,0.41580960231445113,57467.28532604916
246,KMeans,phase1_vs_phase2,0.5049518850929878,0.5067364290385873,5.891423320643149e-05,60425.62965668959
246,KMeans,phase1_vs_phase3,0.514404296875,0.05600379686758424,0.026124465373256727,45997.21312911829
246,KMeans,phase1_vs_phase4,0.9114850345731369,0.16175315652751768,0.6366929679393007,48340.91450592105
246,KMeans,phase1_vs_phase5,0.98740234375,0.9872416180397587,0.9143620827834257,71966.49484730132
246,GaussianMixture,phase1_vs_phase2,0.999169921875,0.9991692322728828,0.9910737156968911,7822.8354623114055
246,GaussianMixture,phase1_vs_phase3,0.6044263594510076,0.347798083890186,0.14281661005455487,631.5854511108043
246,GaussianMixture,phase1_vs_phase4,1.0,1.0,1.0,46820.445132075845
246,GaussianMixture,phase1_vs_phase5,1.0,1.0,1.0,70911.43370463971
256,Birch,phase1_vs_phase2,0.5010053368224462,0.004933463161311262,0.0010488266987218884,1022.2375522751872
256,Birch,phase1_vs_phase3,0.5761818946301375,0.5191562989206558,0.020885154575286516,47973.25530900073
256,Birch,phase1_vs_phase4,0.5002150964624905,0.0,0.0004059425989635302,147.03606665478614
256,Birch,phase1_vs_phase5,0.5092033041608757,0.1332642844812705,0.0014489223078371822,21893.158852785746
256,KMeans,phase1_vs_phase2,0.5468530346956799,0.46877591375901,0.006353229353814405,49339.747174901146
256,KMeans,phase1_vs_phase3,0.5538540933089489,0.5217406581050931,0.008604664392714036,52007.33216298578
256,KMeans,phase1_vs_phase4,0.5663626199317896,0.4163088677778153,0.01280963989515055,55963.87605785554
256,KMeans,phase1_vs_phase5,0.6156401562861942,0.6506038502929571,0.04091582624346594,36580.08991731338
256,GaussianMixture,phase1_vs_phase2,0.7375083262625541,0.6521954903441579,0.2809086877014004,2233.8557161546305
256,GaussianMixture,phase1_vs_phase3,0.697144920853809,0.5734987274436522,0.23383696954668068,4516.914263856263
256,GaussianMixture,phase1_vs_phase4,0.9935967437704756,0.0,0.9508276894098787,13785.497928136796
256,GaussianMixture,phase1_vs_phase5,0.9968562824712929,0.9969170858348206,0.9726600006527907,22431.980763005824
260,Birch,phase1_vs_phase2,0.5165472616307207,0.09801912568306011,0.004286909216205893,36906.056749208125
260,Birch,phase1_vs_phase3,0.5103087952736689,0.4090980887695466,0.00035207061706728996,76472.8413257275
260,Birch,phase1_vs_phase4,0.540339024470325,0.6494986727723333,0.008559932810796459,42367.03271223196
260,Birch,phase1_vs_phase5,0.5219147278900484,0.43936966282243156,0.0014143291787936162,62262.047586890185
260,KMeans,phase1_vs_phase2,0.5320320514411463,0.36744385193258333,0.0034239208023534935,81561.07696000922
260,KMeans,phase1_vs_phase3,0.5083158502825209,0.5592171196132759,0.00020121083264806948,79734.5394373411
260,KMeans,phase1_vs_phase4,0.5000948560534143,0.4525560538116592,-1.1949221824776352e-05,61080.70550998941
260,KMeans,phase1_vs_phase5,0.5238342036725653,0.4035951368687999,0.0017752794116243531,75312.07830111988
260,GaussianMixture,phase1_vs_phase2,0.817945933164462,4.004966158035965e-05,0.45268677732090523,323.8224845596295
260,GaussianMixture,phase1_vs_phase3,0.5766252095380804,0.21133121674193983,0.027279799367344065,465.3741531716833
260,GaussianMixture,phase1_vs_phase4,0.9966634114583333,0.9966522413652323,0.9708723188859041,350.0446397004777
260,GaussianMixture,phase1_vs_phase5,0.8914259240874947,0.0,0.6001971253844394,1586.1481743009992
261,Birch,phase1_vs_phase2,0.508912103105662,0.5093770491803279,0.0002173529856714825,162293.5817634318
261,Birch,phase1_vs_phase3,0.5113655083515338,0.0652715495764823,0.007542048898620365,10163.422795357881
261,Birch,phase1_vs_phase4,0.526131830411434,0.2601704454092298,0.003397597000385511,51409.3745560836
261,Birch,phase1_vs_phase5,0.5015953703976597,0.5331794753442572,-4.4027359817962315e-06,150769.28921901775
261,KMeans,phase1_vs_phase2,0.5031012427637621,0.5303340784898162,1.6292736083380828e-05,182216.0371189056
261,KMeans,phase1_vs_phase3,0.5123381234307265,0.4560896654947962,0.00043647791934352373,195726.931124777
261,KMeans,phase1_vs_phase4,0.5019629006430143,0.4702666228350953,-5.840287491708219e-07,134427.80395519178
261,KMeans,phase1_vs_phase5,0.5104214009863414,0.5433566755029803,0.0003092315920371989,151980.80976135487
261,GaussianMixture,phase1_vs_phase2,0.5083416272797122,0.5295771992395556,0.0001906983140289089,177399.5795991267
261,GaussianMixture,phase1_vs_phase3,1.0,1.0,1.0,183.9588710824292
261,GaussianMixture,phase1_vs_phase4,0.5086828844745855,0.47163029962355424,0.00020765130614060012,131483.46640881963
261,GaussianMixture,phase1_vs_phase5,0.5983995898948096,0.45108884032853586,0.029286291816702895,52326.42593222177
263,Birch,phase1_vs_phase2,0.5349440086715932,0.5388896120801875,0.0035145728217186546,106494.20950176293
263,Birch,phase1_vs_phase3,0.5018081869539859,0.009001189442890668,0.0006944251788942903,4390.217989789897
263,Birch,phase1_vs_phase4,0.6403952287623267,0.003760927017686522,0.18869421556341015,23561.761421029783
263,Birch,phase1_vs_phase5,0.5385060089988915,0.30389379782691417,0.005853333871219031,63172.80679992517
263,KMeans,phase1_vs_phase2,0.5283155442483413,0.5032373914394738,0.0023397442368170364,115376.82496167049
263,KMeans,phase1_vs_phase3,0.5151953435235282,0.562035015815031,0.0006930223001768503,78278.63796488226
263,KMeans,phase1_vs_phase4,0.5028115395632715,0.53917286665261,1.1781348447656321e-05,45231.73181288923
263,KMeans,phase1_vs_phase5,0.5004554625582208,0.456128456735058,-1.1338783304971769e-05,90605.5207221295
263,GaussianMixture,phase1_vs_phase2,0.5299529870745641,0.5067881604696675,0.0026477380688003944,111472.7860437876
263,GaussianMixture,phase1_vs_phase3,0.5215950869848026,0.39580448760503006,0.0014887578872963786,65911.5410161296
263,GaussianMixture,phase1_vs_phase4,0.9999837239583333,3.281916639317362e-05,0.9997318841539894,25049.77177031755
263,GaussianMixture,phase1_vs_phase5,0.514206893518461,0.4616585578389369,0.0006038232348686563,81525.34355364136
264,Birch,phase1_vs_phase2,0.5308138528197285,0.4892622716894977,0.0028390153636268013,119601.33228543821
264,Birch,phase1_vs_phase3,0.5771731803795832,0.35379403118927805,0.04223509963060767,51647.157476472086
264,Birch,phase1_vs_phase4,0.504428999682526,0.4801919956733369,4.5082464076089365e-05,124027.18980899475
264,Birch,phase1_vs_phase5,0.500083425822227,0.4859513610146052,-1.183429860703126e-05,132070.25102944314
264,KMeans,phase1_vs_phase2,0.5018173243525389,0.5284268457627909,-2.2153685252428664e-06,158578.2989536448
264,KMeans,phase1_vs_phase3,0.5010268626267828,0.527831094049904,-8.796762758634217e-06,153857.05033904608
264,KMeans,phase1_vs_phase4,0.5256521226427289,0.43869906175605655,0.0019343376512833883,136573.85263062955
264,KMeans,phase1_vs_phase5,0.5157946793097885,0.453158132582473,0.0007223336301616601,145798.93191454164
264,GaussianMixture,phase1_vs_phase2,0.6637601789488815,0.5961489390935678,0.09421058091961047,43990.917176253024
264,GaussianMixture,phase1_vs_phase3,0.631341908818231,0.4179552028592631,0.0522436403153484,45979.28637433239
264,GaussianMixture,phase1_vs_phase4,0.5320610972194646,0.45031092735991324,0.002976567521933192,129061.81138917389
264,GaussianMixture,phase1_vs_phase5,0.6638758417717331,0.7111513744585681,0.09148627325432192,19887.116658190167
269,Birch,phase1_vs_phase2,0.5820033094348753,0.696324580046348,0.0548085757509466,28166.439680768548
269,Birch,phase1_vs_phase3,0.5143489974359055,0.027290088092157955,0.009346442683348123,11656.92008753459
269,Birch,phase1_vs_phase4,0.5215592838942387,0.0,0.03823564926799106,9163.805565848337
269,Birch,phase1_vs_phase5,0.5215592838942387,0.0,0.03823598327469735,6834.945331744299
269,KMeans,phase1_vs_phase2,0.5805398084219572,0.4918325345768029,0.020905247220366022,29736.297878606852
269,KMeans,phase1_vs_phase3,0.995263671875,0.9952411323161457,0.9610663673808132,55858.2037579199
269,KMeans,phase1_vs_phase4,0.9999837239583333,3.281916639317362e-05,0.9997318841539894,101832.61006104932
269,KMeans,phase1_vs_phase5,1.0,1.0,1.0,124547.6519410926
269,GaussianMixture,phase1_vs_phase2,0.9999837239583333,3.281916639317362e-05,0.9997318841539894,13487.371871703555
269,GaussianMixture,phase1_vs_phase3,1.0,1.0,1.0,55828.19236862226
269,GaussianMixture,phase1_vs_phase4,1.0,1.0,1.0,101830.11256578137
269,GaussianMixture,phase1_vs_phase5,1.0,0.0,1.0,124547.6519410926
278,Birch,phase1_vs_phase2,0.5926238459247493,0.0,0.138327395669735,17592.20412688846
278,Birch,phase1_vs_phase3,0.5382109396975,0.1498169820075269,0.011830456400903773,25780.740559633952
278,Birch,phase1_vs_phase4,0.7297202088167835,0.7770134982361033,0.21129005377681015,29937.06386160989
278,Birch,phase1_vs_phase5,0.520181456440648,0.3205400906316471,0.002065516119582915,35169.574708167136
278,KMeans,phase1_vs_phase2,0.7656772229392104,0.8126769133091717,0.3684461831624289,46919.38809546391
278,KMeans,phase1_vs_phase3,0.5480038153122828,0.4760424516453153,0.006709915191402974,46716.08026707122
278,KMeans,phase1_vs_phase4,0.5737265504137505,0.6417460141718334,0.01909545145047594,37033.14652211366
278,KMeans,phase1_vs_phase5,0.5609216451553023,0.4814252300962911,0.011078714746002607,51914.789073097774
278,GaussianMixture,phase1_vs_phase2,0.7555511433204276,0.0,0.35337558974708744,45819.70402151645
278,GaussianMixture,phase1_vs_phase3,0.7962374664945895,0.8330282692698799,0.4163176204749848,26606.955973219014
278,GaussianMixture,phase1_vs_phase4,0.7538634633839637,0.0,0.3508976332588769,32944.41931159266
278,GaussianMixture,phase1_vs_phase5,0.7699207097498936,0.17870449734986968,0.2283478862674484,14003.755544558757
279,Birch,phase1_vs_phase2,0.5752778415483636,0.3098375788047214,0.01935365885598368,46991.13253852633
279,Birch,phase1_vs_phase3,0.5171801464543209,0.5719774380773318,0.0010667957352750615,80302.83109949928
279,Birch,phase1_vs_phase4,0.5137880678081257,0.524539317642766,0.0005540258362417652,82167.94124770303
279,Birch,phase1_vs_phase5,0.5998849232606143,0.5521386944250999,0.031011064555719493,67524.79344849763
279,KMeans,phase1_vs_phase2,0.5602807254438433,0.5834409572564457,0.010645681510162127,57896.7410358723
279,KMeans,phase1_vs_phase3,0.5040552938160802,0.5056105610561056,3.566834288055055e-05,97800.1948377287
279,KMeans,phase1_vs_phase4,0.511013468864787,0.5027395728502739,0.00033918671613533105,87898.79324996092
279,KMeans,phase1_vs_phase5,0.5299091223653175,0.46090686069992154,0.0025768162904223875,74961.75902805102
279,GaussianMixture,phase1_vs_phase2,0.970361328125,0.058030592734225624,0.8352829097968824,7542.991530053897
279,GaussianMixture,phase1_vs_phase3,0.9982096354166667,0.9982064242621881,0.9827491709814156,619.5802008050895
279,GaussianMixture,phase1_vs_phase4,0.8222972302193984,0.8512053200332501,0.4605678480270878,2416.837636639093
279,GaussianMixture,phase1_vs_phase5,0.977702548745158,0.04397367998716097,0.8668967786621375,3047.107581413696
280,Birch,phase1_vs_phase2,0.6412833095744813,0.0027434842249657062,0.1921168801363553,38465.60748908634
280,Birch,phase1_vs_phase3,0.5349118104503789,0.0,0.059056991838309675,15820.425065305208
280,Birch,phase1_vs_phase4,0.6420960322975611,0.7396082868871207,0.2012381524380605,50450.2853807626
280,Birch,phase1_vs_phase5,0.5560593867473518,0.40773991109561586,0.013487987336879491,23436.42596645413
280,KMeans,phase1_vs_phase2,0.6443462722128462,0.0,0.2040880444169879,38655.08256632051
280,KMeans,phase1_vs_phase3,0.5346367319349995,0.448555361644367,0.003984583318335185,35514.81334592754
280,KMeans,phase1_vs_phase4,0.6532314107018763,0.745649166241899,0.21536294267786082,51318.19144435372
280,KMeans,phase1_vs_phase5,0.6532314107018763,0.0,0.21536509306496956,45850.85372571048
280,GaussianMixture,phase1_vs_phase2,0.5758321851396266,0.6679750545520278,0.026343112061883837,23248.909259510783
280,GaussianMixture,phase1_vs_phase3,0.5997659808010894,0.5616961739224021,0.030249387840067223,28294.87039098288
280,GaussianMixture,phase1_vs_phase4,0.6553989212085112,0.0,0.2181202618889602,50361.90583171194
280,GaussianMixture,phase1_vs_phase5,0.6555478341440815,0.7469243860928763,0.2183119891567199,44935.158854708854
281,Birch,phase1_vs_phase2,0.5674158073149344,0.44563578488859107,0.017689384048073232,53518.24175897932
281,Birch,phase1_vs_phase3,0.5015611087886552,0.44148926467100824,-4.557292404750812e-06,152461.47151969833
281,Birch,phase1_vs_phase4,0.536512018579474,0.3283086879941015,0.004899278029440698,74646.61442132625
281,Birch,phase1_vs_phase5,0.6183034362268081,0.4206023440977202,0.10212017727754388,39390.84013849628
281,KMeans,phase1_vs_phase2,0.5192992715675568,0.4780844958939349,0.0010635565287453045,99160.81535591718
281,KMeans,phase1_vs_phase3,0.5150607676591094,0.5168241718714235,0.0006427250541373903,213250.7139017826
281,KMeans,phase1_vs_phase4,0.5198898609809847,0.5114998164035117,0.0011326508380120933,253984.99507124044
281,KMeans,phase1_vs_phase5,0.5215893197242026,0.49037721324095457,0.0013360980075519963,161805.66663926342
281,GaussianMixture,phase1_vs_phase2,0.528636636149856,0.5092696916931271,0.0023795781777316114,45480.65916129069
281,GaussianMixture,phase1_vs_phase3,0.5093531801184685,0.5156777014366021,0.0002435929535129043,171724.11608341162
281,GaussianMixture,phase1_vs_phase4,0.5009041274089769,0.5141505665020695,-9.48154354143844e-06,239373.90864152292
281,GaussianMixture,phase1_vs_phase5,0.557593870378648,0.48567964843158057,0.00991813971772662,98170.8791207101
282,Birch,phase1_vs_phase2,0.6354759296846562,0.7032208691916276,0.07253175433179004,28210.589976190517
282,Birch,phase1_vs_phase3,0.5087400453253749,0.11439981207423071,0.0016202831285994314,17839.092776636644
282,Birch,phase1_vs_phase4,0.5388819721501786,0.2379490493887004,0.015942181571894715,24026.53761111894
282,Birch,phase1_vs_phase5,0.507321272870432,0.04817913076294107,0.004056457875498756,11336.781045247424
282,KMeans,phase1_vs_phase2,0.7452363937914681,0.7382392076939921,0.18237427504368886,41214.220901362096
282,KMeans,phase1_vs_phase3,0.5107902174154713,0.494406779661017,0.0003264789196646479,27198.527798309766
282,KMeans,phase1_vs_phase4,0.5391888562452432,0.46782110054589926,0.004425852712390044,28376.05317710257
282,KMeans,phase1_vs_phase5,0.6267217003557806,0.6252841002668073,0.046848930917030594,34161.63212212831
282,GaussianMixture,phase1_vs_phase2,0.9885006121976241,0.9888146777178723,0.9213152061827385,20829.238325944687
282,GaussianMixture,phase1_vs_phase3,0.5363059318666443,0.33316120552060846,0.007101792118234265,2078.196611152268
282,GaussianMixture,phase1_vs_phase4,1.0,1.0,1.0,448.8061945210442
282,GaussianMixture,phase1_vs_phase5,0.6357238190526777,0.7330488957843446,0.15262570065841777,3860.0247928876493
283,Birch,phase1_vs_phase2,0.6346133156344105,0.10404597595033122,0.09782716678053965,69338.75724191238
283,Birch,phase1_vs_phase3,0.5680120181270476,0.22339926248742878,0.02139341080751313,53056.03698839221
283,Birch,phase1_vs_phase4,0.5724662583582556,0.328905440165854,0.01726708236414953,95158.97389002272
283,Birch,phase1_vs_phase5,0.6507063715951643,0.15891882746076733,0.0935819894352095,71225.39802524514
283,KMeans,phase1_vs_phase2,0.6529473111261747,0.6901869776596213,0.07394332113886962,107667.48112652903
283,KMeans,phase1_vs_phase3,0.5090896950309615,0.5490853106321318,0.00023568543364245974,168447.86873831705
283,KMeans,phase1_vs_phase4,0.5051963973540032,0.45406726528877317,6.859137498300987e-05,197496.06811704737
283,KMeans,phase1_vs_phase5,0.5049896607816766,0.47185155389216316,6.16531542564317e-05,131842.08859692924
283,GaussianMixture,phase1_vs_phase2,0.9999837239583333,3.281916639317362e-05,0.9997318841539894,2764.998377211929
283,GaussianMixture,phase1_vs_phase3,0.5900964107846057,0.27809371245494596,0.028818293047417412,90014.40892528395
283,GaussianMixture,phase1_vs_phase4,0.5098320961408799,0.41787584143605083,0.00029301149801285245,178545.39146390127
283,GaussianMixture,phase1_vs_phase5,0.58568080379957,0.43933797526051904,0.021467323150922514,25176.87817141741
284,Birch,phase1_vs_phase2,0.5006742139801326,0.38106244931062455,-1.0904757996869701e-05,41450.18010669046
284,Birch,phase1_vs_phase3,0.5246484759562485,0.6061556931976315,0.0021999326052847654,32770.07114065182
284,Birch,phase1_vs_phase4,0.5527411500861421,0.22387922727481302,0.0139087224914381,32247.36699876813
284,Birch,phase1_vs_phase5,0.5050161575670505,0.5407457089722875,6.27922006010515e-05,39346.669698699065
284,KMeans,phase1_vs_phase2,0.5094862759020609,0.46084858089612446,0.00026038463072200957,51255.3640628298
284,KMeans,phase1_vs_phase3,0.5137393641004004,0.5316633957063027,0.000558436682557954,43110.39857233366
284,KMeans,phase1_vs_phase4,0.5308803918245765,0.4903967674753912,0.0028463209817952222,44154.01222126204
284,KMeans,phase1_vs_phase5,0.5101079406014727,0.4168195604148725,0.00031089372085971114,41034.59005775271
284,GaussianMixture,phase1_vs_phase2,0.5064559089738658,0.38376236835294353,0.0001326211317323995,13808.724555866716
284,GaussianMixture,phase1_vs_phase3,0.6195538438539289,0.41651200197970795,0.042416759725717,8487.449665003467
284,GaussianMixture,phase1_vs_phase4,0.7106080786043135,0.029405192831925636,0.23847906969402752,17658.509860186023
284,GaussianMixture,phase1_vs_phase5,1.0,1.0,1.0,10888.202119340634
285,Birch,phase1_vs_phase2,0.58203125,0.28187919463087246,0.12328501603862092,24652.60847997822
285,Birch,phase1_vs_phase3,0.5187054973950578,0.333662430416973,0.0013488065028317085,46638.27014170539
285,Birch,phase1_vs_phase4,0.5021698065708867,0.042414456933490656,0.00022486077600335834,7054.767356857567
285,Birch,phase1_vs_phase5,0.5204601544517046,0.28439942535732543,0.0025773370808556723,22473.526321198748
285,KMeans,phase1_vs_phase2,0.5480084268304916,0.5805556402671465,0.006841373986087756,40397.54632350526
285,KMeans,phase1_vs_phase3,0.5667193985856374,0.3780283818054282,0.013487325008506917,56583.92968569026
285,KMeans,phase1_vs_phase4,0.5452709090824481,0.4656758669497523,0.005918179074540293,34482.31618340627
285,KMeans,phase1_vs_phase5,0.5651487584315799,0.4301736972704715,0.012278864754126855,41635.52054922853
285,GaussianMixture,phase1_vs_phase2,0.9335517389721698,0.9386458078709361,0.7105245137271842,3978.5170315356445
285,GaussianMixture,phase1_vs_phase3,0.8397365895628578,0.0,0.4923481217587856,419.45169653459345
285,GaussianMixture,phase1_vs_phase4,0.9529600582415036,0.0,0.7723219445555142,12274.11530880346
285,GaussianMixture,phase1_vs_phase5,1.0,0.0,1.0,2095.311426095341
287,Birch,phase1_vs_phase2,0.5165628978121174,0.4587283830622238,0.0008341600645997078,117001.75193255249
287,Birch,phase1_vs_phase3,0.50634765625,0.02507232401157184,0.012013286455731971,18610.64751190767
287,Birch,phase1_vs_phase4,0.503515625,0.013964313421256787,0.006770075393089079,12852.626114589633
287,Birch,phase1_vs_phase5,0.5031248982780508,0.012421958399378902,0.006032220769384957,10067.95057282754
287,KMeans,phase1_vs_phase2,0.5121814804660354,0.5017725400019163,0.0004176371111144968,128125.10551994169
287,KMeans,phase1_vs_phase3,0.5019840887433196,0.555013661603549,1.338093740756085e-07,78300.27011400506
287,KMeans,phase1_vs_phase4,0.5220525903094908,0.5544323960056362,0.0014270104506276687,82556.91539143503
287,KMeans,phase1_vs_phase5,0.52564735219644,0.5136429277190848,0.0019473714347396092,85077.35895526838
287,GaussianMixture,phase1_vs_phase2,0.9543168205433668,0.0,0.777006059652221,1662.335896386628
287,GaussianMixture,phase1_vs_phase3,0.5215212073607457,0.4349061462236508,0.001372806514976229,13730.896907828233
287,GaussianMixture,phase1_vs_phase4,0.8145041199245507,0.8456869141512161,0.44695700225879925,311.5426769768612
287,GaussianMixture,phase1_vs_phase5,0.8846255666964493,0.0,0.5845919108062863,2293.041950686054
288,Birch,phase1_vs_phase2,0.6446716492391996,0.180320023304688,0.08241127739106568,40421.09669184609
288,Birch,phase1_vs_phase3,0.5184085359816051,0.493551724137931,0.0009809103696130914,87131.88830533657
288,Birch,phase1_vs_phase4,0.5129250885850996,0.4407718420582455,0.0004899971515796365,74853.45432572484
288,Birch,phase1_vs_phase5,0.5222412164772241,0.4246647051390819,0.0014889078963312317,84225.19853623904
288,KMeans,phase1_vs_phase2,0.509831121808196,0.5153383810787604,0.00027040605777722766,72444.75221499345
288,KMeans,phase1_vs_phase3,0.5003573377236796,0.4755078890378468,-1.1506381402186765e-05,98932.02767122014
288,KMeans,phase1_vs_phase4,0.5081718849533821,0.5413206679944845,0.0001855690707107335,92412.68734094605
288,KMeans,phase1_vs_phase5,0.507761540035111,0.4708194480047851,0.0001637890009643371,101627.45466333946
288,GaussianMixture,phase1_vs_phase2,0.8979817708333333,0.8863916479373596,0.6123969059712943,11843.768178598633
288,GaussianMixture,phase1_vs_phase3,0.5209452991857357,0.532959988210154,0.0013415558906132868,57228.531266578735
288,GaussianMixture,phase1_vs_phase4,1.0,1.0,1.0,7028.791717759465
288,GaussianMixture,phase1_vs_phase5,1.0,1.0,1.0,5912.483256693424
289,Birch,phase1_vs_phase2,0.5007700605243183,0.5125361543009637,-1.013099853854384e-05,101345.99093121786
289,Birch,phase1_vs_phase3,0.5404235296528054,0.39974522292993636,0.004990968897476134,105594.91660573111
289,Birch,phase1_vs_phase4,0.5137220894889184,0.5107827038861521,0.0005376063024505535,127987.71196399596
289,Birch,phase1_vs_phase5,0.5138167801596957,0.4768723438023525,0.0005556298098955977,116970.67700773018
289,KMeans,phase1_vs_phase2,0.5090856700513335,0.5059687938578387,0.00022649035657069035,103604.13254048461
289,KMeans,phase1_vs_phase3,0.5147373748459164,0.5421806235666026,0.0006252481553320444,113633.90647329975
289,KMeans,phase1_vs_phase4,0.5195711976400401,0.49882807550994557,0.0010998433539070988,133049.56039135304
289,KMeans,phase1_vs_phase5,0.5225868972759179,0.5058238856965367,0.0014830762652837885,126797.05726113291
289,GaussianMixture,phase1_vs_phase2,0.500964067450838,0.5403751055361236,-9.17229427604548e-06,82497.43339637206
289,GaussianMixture,phase1_vs_phase3,0.5315557708028269,0.4759706114073178,0.003058500511999251,79670.31298512401
289,GaussianMixture,phase1_vs_phase4,0.5235861980330049,0.5200192811737415,0.0016597217229429727,104218.11900256047
289,GaussianMixture,phase1_vs_phase5,0.5061890333525346,0.5422358309674926,0.0001047985299358789,78552.49396023872
292,Birch,phase1_vs_phase2,0.5243154577702562,0.6083270697536873,0.0035938792877757324,48697.731726648584
292,Birch,phase1_vs_phase3,0.6180501302083333,0.3820082690332605,0.16906852964342028,60170.17099445439
292,Birch,phase1_vs_phase4,0.817431640625,0.31090969565940463,0.44854059171025135,474361.64480750624
292,Birch,phase1_vs_phase5,0.9935548973015201,0.01291248206599713,0.9499069042155498,159351.42545566455
292,KMeans,phase1_vs_phase2,0.5176007479384865,0.47157010553521433,0.0009228842550549817,62389.890963366095
292,KMeans,phase1_vs_phase3,0.719091796875,0.6093569634005568,0.2988493367924037,83347.17968090852
292,KMeans,phase1_vs_phase4,0.817431640625,0.776656113732752,0.44854059171025135,474361.64480750624
292,KMeans,phase1_vs_phase5,0.9830734676605579,0.9827820270851958,0.8921932639641393,161852.0470371872
292,GaussianMixture,phase1_vs_phase2,0.53525390625,0.1317277869002007,0.0590167587152607,1701.0396096333627
292,GaussianMixture,phase1_vs_phase3,1.0,0.0,1.0,79599.29687397862
292,GaussianMixture,phase1_vs_phase4,0.817431640625,0.776656113732752,0.44854059171025135,474361.64480750624
292,GaussianMixture,phase1_vs_phase5,1.0,1.0,1.0,155234.68539772194
304,Birch,phase1_vs_phase2,0.6720440782289288,0.0,0.23942340845311666,22688.64124775655
304,Birch,phase1_vs_phase3,0.5158513812708891,0.5094634268224124,0.0007219515239957617,34124.10131027137
304,Birch,phase1_vs_phase4,0.6604892455646696,0.08258756189524373,0.1349629649841959,24578.324444378966
304,Birch,phase1_vs_phase5,0.6911527393596293,0.1881397675671515,0.12495241124114148,24849.98824321609
304,KMeans,phase1_vs_phase2,0.9023792977927794,0.0,0.6264596364131105,43117.50069084111
304,KMeans,phase1_vs_phase3,0.5345601765316316,0.45489369532125595,0.0034470819207924885,35573.45422464748
304,KMeans,phase1_vs_phase4,0.9057877494291671,0.9151845562606131,0.6349384795056477,44934.748255185565
304,KMeans,phase1_vs_phase5,0.9057877494291671,0.9151870829361297,0.634941696250548,33709.76391439955
304,GaussianMixture,phase1_vs_phase2,0.9058704788378172,0.9152527223703615,0.6351461928063958,43044.08237939524
304,GaussianMixture,phase1_vs_phase3,0.9058042953108971,0.9151981886702516,0.6349800147970103,32325.62534261067
304,GaussianMixture,phase1_vs_phase4,0.9069128693868096,0.9161124862076163,0.637771309200867,44870.7479160882
304,GaussianMixture,phase1_vs_phase5,0.6598175608349081,0.5999500105746861,0.08632937627910471,9277.892571085886
305,Birch,phase1_vs_phase2,0.5000098596650701,0.028716002530044273,-2.131439185433601e-05,17562.747044762393
305,Birch,phase1_vs_phase3,0.5004181099070535,0.02996680891417734,-5.960934225564574e-06,22988.384029445093
305,Birch,phase1_vs_phase4,0.5380914732608211,0.5650021657075676,0.004252865542552955,45247.66861631192
305,Birch,phase1_vs_phase5,0.5032169764518802,0.040679031751021694,0.0007371104200156118,32609.165805665954
305,KMeans,phase1_vs_phase2,0.5234227428185703,0.48574469457524355,0.0015732812271887422,46677.98246864209
305,KMeans,phase1_vs_phase3,0.5465349271929498,0.5658858670020437,0.006299195820817364,50655.50605452625
305,KMeans,phase1_vs_phase4,0.5099242376355728,0.4985229942933871,0.00027342937911539587,46116.19244377624
305,KMeans,phase1_vs_phase5,0.5417587005418478,0.40625,0.005258279598263908,43757.8365208484
305,GaussianMixture,phase1_vs_phase2,0.7977701822916666,0.3387219889864239,0.41541030454404315,1679.2858211179214
305,GaussianMixture,phase1_vs_phase3,0.9925212614580231,0.9926969559878498,0.9442287922984979,2323.7427712042745
305,GaussianMixture,phase1_vs_phase4,0.9945729507925478,0.0,0.9570406195513586,2907.648813245918
305,GaussianMixture,phase1_vs_phase5,1.0,1.0,1.0,1287.168664165774
306,Birch,phase1_vs_phase2,0.505294682153612,0.0,0.010164067398349538,52525.92120150594
306,Birch,phase1_vs_phase3,0.5006466644407285,0.6678477112676057,2.1953861439598333e-05,133455.07630198658
306,Birch,phase1_vs_phase4,0.5039106062204243,0.6696338077821354,0.0013796234305967754,66300.85321627647
306,Birch,phase1_vs_phase5,0.5004758778920024,0.6668355155212474,6.695084477682091e-08,110092.82050586079
306,KMeans,phase1_vs_phase2,0.5039937767448666,0.013196480938416424,0.002025509195051235,65416.50984214965
306,KMeans,phase1_vs_phase3,0.5005601572711911,0.02281828004830611,1.2552249112658347e-05,134030.7341347004
306,KMeans,phase1_vs_phase4,0.5032971450339604,0.6698482515944578,0.0012239799332540767,70131.42709448762
306,KMeans,phase1_vs_phase5,0.5005249747974623,0.02818953503104016,4.70018508259146e-06,110096.6354130687
306,GaussianMixture,phase1_vs_phase2,0.5018120842847216,0.04399037710500828,0.0001793574444163693,37609.291889316926
306,GaussianMixture,phase1_vs_phase3,0.503090696379968,0.030010987286140326,0.0006466080662415153,92069.60738170224
306,GaussianMixture,phase1_vs_phase4,0.7160389766682385,0.4393519532911441,0.2583988796961542,738.2056259421112
306,GaussianMixture,phase1_vs_phase5,0.5136809386915121,0.09005056967038323,0.006830446167463252,69339.18915270093
307,Birch,phase1_vs_phase2,0.5044176987160396,0.6628788716202774,0.001279594084453765,35685.61337831665
307,Birch,phase1_vs_phase3,0.5018623601743729,0.6651953698288515,0.00024594470460681403,39989.70313532225
307,Birch,phase1_vs_phase4,0.5004749475960902,0.024541437517881556,3.2518903995403343e-06,41447.29471858849
307,Birch,phase1_vs_phase5,0.5037000514604335,0.6639668965517241,0.0010397934702969184,37901.40626654597
307,KMeans,phase1_vs_phase2,0.5272211488943215,0.5982490000279712,0.0025100120394380273,39757.335304389424
307,KMeans,phase1_vs_phase3,0.5298459429756528,0.4570974876651733,0.00284361436138524,59121.12313734785
307,KMeans,phase1_vs_phase4,0.5011146559800952,0.029638073525220857,9.500995845321534e-05,43013.09048829708
307,KMeans,phase1_vs_phase5,0.5300375970625526,0.531165469299904,0.0028291507190748018,54676.06117432267
307,GaussianMixture,phase1_vs_phase2,0.5889446768408327,0.03171621766663089,0.09101959680696456,2844.526566038594
307,GaussianMixture,phase1_vs_phase3,0.7361936234627842,0.3618306688324642,0.19504698290780223,3887.439713555769
307,GaussianMixture,phase1_vs_phase4,0.5138298914021394,0.17330604104340525,0.0016769843860048887,3597.1032829963474
307,GaussianMixture,phase1_vs_phase5,0.5372347055346163,0.497333517758618,0.004082611755130252,251.08861951281224
308,Birch,phase1_vs_phase2,0.5141764322916667,0.05514228736032415,0.02573902798202672,29315.211630813217
308,Birch,phase1_vs_phase3,0.5093587449638473,0.654356166842424,0.0025574420871663016,30676.356929749338
308,Birch,phase1_vs_phase4,0.514501953125,0.056372781626648945,0.026289436933586326,28699.034863239005
308,Birch,phase1_vs_phase5,0.5140294912274991,0.05458632808789539,0.02548988299593055,28484.334606795368
308,KMeans,phase1_vs_phase2,0.5549701081842136,0.31688353543085035,0.010774698236875768,67205.12119492545
308,KMeans,phase1_vs_phase3,0.5616400649606829,0.34359749679444246,0.012414474721509165,80655.8646622536
308,KMeans,phase1_vs_phase4,0.5844633411124831,0.6542299468172597,0.02582073038535983,54262.06940150697
308,KMeans,phase1_vs_phase5,0.5416460478675801,0.6031963080078626,0.005661973245958936,70139.2707692185
308,GaussianMixture,phase1_vs_phase2,0.7736925796503235,0.7130319862886406,0.3384471889476712,625.367228291482
308,GaussianMixture,phase1_vs_phase3,0.9584869062613753,0.9570655563609393,0.7727125803624029,3565.2888886202654
308,GaussianMixture,phase1_vs_phase4,0.519677734375,0.07573052710701869,0.03485988005395159,27030.483266714673
308,GaussianMixture,phase1_vs_phase5,0.6268507394905034,0.6531946417388382,0.04825089029733964,4948.485842190699
309,Birch,phase1_vs_phase2,0.5484646633611098,0.2659285839313845,0.010157323897048666,20157.842560669123
309,Birch,phase1_vs_phase3,0.6193448341430474,0.17821954077867963,0.06185639780734756,36756.23070791916
309,Birch,phase1_vs_phase4,0.8491677421489792,0.8707976642666817,0.5103772441839286,76957.24405013096
309,Birch,phase1_vs_phase5,0.8491677421489792,0.8708013265682134,0.5103807224017265,69488.54431725014
309,KMeans,phase1_vs_phase2,0.5586219814107019,0.6167473890246168,0.011181028628858445,34988.687646573606
309,KMeans,phase1_vs_phase3,0.5134734003622513,0.4825482060043935,0.0005234362511603156,76528.09878367189
309,KMeans,phase1_vs_phase4,0.8776269285647068,0.892553098759334,0.568802662162955,79444.33620904671
309,KMeans,phase1_vs_phase5,0.8785863198649856,0.0,0.5711395062140313,71987.68829091507
309,GaussianMixture,phase1_vs_phase2,0.971875,0.9710610932475884,0.8415640623435791,2979.8005450203905
309,GaussianMixture,phase1_vs_phase3,0.7508578150982206,0.7853184414698611,0.22279661775436174,1435.740108094606
309,GaussianMixture,phase1_vs_phase4,0.8598563817465833,0.8788442282935203,0.5316101441430294,78264.92822262588
309,GaussianMixture,phase1_vs_phase5,0.8687580661173434,0.0,0.5500068825780224,71136.58647205998
310,Birch,phase1_vs_phase2,0.5101757172639729,0.0,0.01900596208582295,13689.011906159014
310,Birch,phase1_vs_phase3,0.5152056653099044,0.6770994048931012,0.027710488669414637,17660.651097860926
310,Birch,phase1_vs_phase4,0.5099275290380224,0.0,0.01856655049852831,11930.732907238937
310,Birch,phase1_vs_phase5,0.5113798918621578,0.6741471380025597,0.010926637374747401,18814.31654594634
310,KMeans,phase1_vs_phase2,0.5555309295528061,0.5289399160191398,0.010586633697007637,39420.97643580918
310,KMeans,phase1_vs_phase3,0.8169437859485134,0.8087785019072544,0.3184966342463377,26657.460319816822
310,KMeans,phase1_vs_phase4,0.5822597108167668,0.5084797967158835,0.022413004708180716,29155.798155998596
310,KMeans,phase1_vs_phase5,0.5186045996038863,0.6008437205619342,0.0012448097534519366,24463.821501715407
310,GaussianMixture,phase1_vs_phase2,0.9999837239583333,0.9999837236934195,0.9997318841539896,5893.893138828795
310,GaussianMixture,phase1_vs_phase3,0.8084147135416666,0.763011133705128,0.4330947922341346,23797.762420736286
310,GaussianMixture,phase1_vs_phase4,1.0,1.0,1.0,14222.524509592056
310,GaussianMixture,phase1_vs_phase5,1.0,0.0,1.0,6321.94025402499
311,Birch,phase1_vs_phase2,0.5339648301772064,0.282274365058441,0.005027147661634475,50626.744597759636
311,Birch,phase1_vs_phase3,0.5325854061574464,0.15089763686374258,0.02672349268981157,32462.041301962698
311,Birch,phase1_vs_phase4,0.5068196614583333,0.664204296361245,0.012870790540279408,8230.456333863001
311,Birch,phase1_vs_phase5,0.504394388203509,0.01742441353941467,0.008415970005084393,32930.16688408542
311,KMeans,phase1_vs_phase2,0.5894761211903107,0.562139486103828,0.02378033708815825,66397.28894055447
311,KMeans,phase1_vs_phase3,0.5563801921752457,0.533653315679135,0.011249032012842924,46531.281028123354
311,KMeans,phase1_vs_phase4,0.5319288788200305,0.5895368460528783,0.003242505030739834,62621.58741492273
311,KMeans,phase1_vs_phase5,0.5065915823052635,0.026023260296857934,0.012456880544200515,33997.117795857885
311,GaussianMixture,phase1_vs_phase2,0.9811172855472757,0.9817244911022917,0.8795061001518311,5895.880959635704
311,GaussianMixture,phase1_vs_phase3,1.0,1.0,1.0,3710.7089803818135
311,GaussianMixture,phase1_vs_phase4,1.0,0.0,1.0,1316.399428194339
311,GaussianMixture,phase1_vs_phase5,0.510611633735881,0.041564402511713894,0.01961204190895528,24374.017562622015
312,Birch,phase1_vs_phase2,0.5960840648422764,0.10558823529411765,0.06159707079805071,32905.26873221786
312,Birch,phase1_vs_phase3,0.5126696082142029,0.47373637264618434,0.00046659817350151706,59909.687588394074
312,Birch,phase1_vs_phase4,0.6086101165269574,0.2069700522221038,0.04851883922222969,41014.03946604346
312,Birch,phase1_vs_phase5,0.5032724722903446,0.44818926296633305,2.0730908272782106e-05,100757.68051797617
312,KMeans,phase1_vs_phase2,0.5340902783379248,0.5568243950447566,0.0033833447462250496,52648.15679666527
312,KMeans,phase1_vs_phase3,0.5159308936042928,0.49359604324080486,0.000721395206997369,63984.39924319317
312,KMeans,phase1_vs_phase4,0.5205252987824299,0.5232516398524948,0.0012040603621142575,53814.93639350614
312,KMeans,phase1_vs_phase5,0.5281288310554892,0.4803798081581242,0.0022741516258664523,122505.09373505317
312,GaussianMixture,phase1_vs_phase2,0.8081011335350896,4.0532598342216733e-05,0.4357827573445602,5232.868495111696
312,GaussianMixture,phase1_vs_phase3,0.505219073614179,0.5006622955162593,6.682532133790565e-05,59145.52479061362
312,GaussianMixture,phase1_vs_phase4,0.788623046875,0.35135135135135137,0.4006519227302517,1060.7551808039595
312,GaussianMixture,phase1_vs_phase5,0.6420478095161876,0.6061719721126304,0.06213404173351676,328.17858253384895
313,Birch,phase1_vs_phase2,0.8135940964293987,0.0,0.4453896850816569,120150.70893932726
313,Birch,phase1_vs_phase3,0.8136437340745888,0.0,0.44547505905086215,136384.52779766556
313,Birch,phase1_vs_phase4,0.8136437340745888,0.0,0.44547505905086215,186586.0854610673
313,Birch,phase1_vs_phase5,0.5723072654116557,0.6464684976647285,0.01925654006569694,72098.19360083604
313,KMeans,phase1_vs_phase2,0.7948223379486002,0.04690906947963934,0.3389097497835532,123676.0582491125
313,KMeans,phase1_vs_phase3,0.8179291174426685,0.0,0.4528966553696785,136754.06362460039
313,KMeans,phase1_vs_phase4,0.8142724775803303,0.0,0.446557621000578,186928.98908315523
313,KMeans,phase1_vs_phase5,0.6106328514149908,0.688622754491018,0.05140550625060273,80974.94488460849
313,GaussianMixture,phase1_vs_phase2,0.7815943611635063,0.0,0.39289818059337106,89599.48266179474
313,GaussianMixture,phase1_vs_phase3,0.7905125914159965,0.0,0.4070485456116537,108319.49320311034
313,GaussianMixture,phase1_vs_phase4,0.8107151130083723,0.0,0.4404606642955998,181817.05378624913
313,GaussianMixture,phase1_vs_phase5,0.5312334445920409,0.37293965334003215,0.0032174086290257704,74791.39542884169
314,Birch,phase1_vs_phase2,0.554852055580202,0.6259028642590286,0.01053925705640551,66701.28048353338
314,Birch,phase1_vs_phase3,0.533673839177132,0.5389283743874339,0.0032632420943499007,144156.92452835344
314,Birch,phase1_vs_phase4,0.6237295396599614,0.154807543155982,0.07096872991498239,58462.622118150735
314,Birch,phase1_vs_phase5,0.5233585904998047,0.5191254117218663,0.0015644266737644902,146668.27319978905
314,KMeans,phase1_vs_phase2,0.5638054005887232,0.594014283748031,0.012078642152378244,75439.86772089145
314,KMeans,phase1_vs_phase3,0.5146516222590714,0.5153689867610435,0.0006076615698963269,147815.32580913708
314,KMeans,phase1_vs_phase4,0.530731785892671,0.4573584905660377,0.0027246083759078733,95227.99081832988
314,KMeans,phase1_vs_phase5,0.5156490702730585,0.5209317425533642,0.0006950419642699922,149267.14732798678
314,GaussianMixture,phase1_vs_phase2,0.9162923177083333,0.15565509518477041,0.6589288597920516,7249.906226800291
314,GaussianMixture,phase1_vs_phase3,0.6229017511359782,0.32757003557081427,0.04551351128808493,443.74243689407126
314,GaussianMixture,phase1_vs_phase4,0.8589959958966213,0.0,0.5298676263137486,5345.675748306536
314,GaussianMixture,phase1_vs_phase5,0.795942294772245,0.01527707425792726,0.3811491669308724,39.81080030869611
315,Birch,phase1_vs_phase2,0.5019020008107483,0.04970178926441353,0.00017011625123299277,28183.6224819858
315,Birch,phase1_vs_phase3,0.5526140231001192,0.4548606959225158,0.009677649464745,87788.51268286776
315,Birch,phase1_vs_phase4,0.500877149865875,0.04575875486381323,2.2116736890656702e-05,19579.98312525102
315,Birch,phase1_vs_phase5,0.5581271043830479,0.46768345550563567,0.011584673248817305,87136.94663481035
315,KMeans,phase1_vs_phase2,0.5234006046227125,0.6064775786582547,0.00200237896082228,64080.69201007432
315,KMeans,phase1_vs_phase3,0.520178530063867,0.4857087644713033,0.0011953899525239784,98112.05687697462
315,KMeans,phase1_vs_phase4,0.5129684714345693,0.4342600692199445,0.0005310708404747693,73998.90541700526
315,KMeans,phase1_vs_phase5,0.5166196867787949,0.5245857021894278,0.0008146758131296032,90856.44955285508
315,GaussianMixture,phase1_vs_phase2,0.9999837239583333,0.9999837236934195,0.9997318841539896,693.3433455154761
315,GaussianMixture,phase1_vs_phase3,0.8303385416666667,0.29214018468954506,0.4714643658946348,945.0987526650348
315,GaussianMixture,phase1_vs_phase4,0.9737030048484604,0.9736042443455265,0.8264265359935786,327.34598620463566
315,GaussianMixture,phase1_vs_phase5,0.8212105814160796,0.7829249011857708,0.44579879045015725,305.53814890654627
316,Birch,phase1_vs_phase2,0.884130859375,0.8689457116032474,0.5800342975421644,42342.39389620155
316,Birch,phase1_vs_phase3,0.5091717167153735,0.3945662962458401,0.0002691640757188755,93371.95477405115
316,Birch,phase1_vs_phase4,0.6741619510903736,0.0,0.24215392211289138,34381.17719153787
316,Birch,phase1_vs_phase5,0.5008323524804738,0.41354641435412226,-9.971114788339805e-06,99418.79302319765
316,KMeans,phase1_vs_phase2,0.7496961423147481,0.7884105683118042,0.23304790172998197,56601.356784223884
316,KMeans,phase1_vs_phase3,0.5089187343848242,0.5293053930432933,0.00022495626707911805,117585.46630836764
316,KMeans,phase1_vs_phase4,0.7799492432456608,0.016639484712731478,0.3536927064179249,62652.39649233852
316,KMeans,phase1_vs_phase5,0.514159971078137,0.5224966815678257,0.0005831457792329022,119496.16764165922
316,GaussianMixture,phase1_vs_phase2,0.94423828125,0.10645537170822653,0.7407520820354009,35058.778636405244
316,GaussianMixture,phase1_vs_phase3,0.5021454531012153,0.4478117511396191,1.9471767365417467e-06,115538.15631741464
316,GaussianMixture,phase1_vs_phase4,1.0,1.0,1.0,34580.13769904889
316,GaussianMixture,phase1_vs_phase5,1.0,1.0,1.0,13409.5165724947
317,Birch,phase1_vs_phase2,0.5078876351074655,0.5570854847963281,0.0001883562223566721,61531.03522459969
317,Birch,phase1_vs_phase3,0.5206667854609269,0.21311212202301308,0.00424424401899074,39943.994370779736
317,Birch,phase1_vs_phase4,0.5512203605735424,0.4895336710369488,0.008248331233329798,53837.55224039358
317,Birch,phase1_vs_phase5,0.507065875679052,0.1241977254813647,0.0006932617642439561,31265.69626616165
317,KMeans,phase1_vs_phase2,0.5546703837377767,0.5300325237007819,0.008778654630889785,66594.8767048623
317,KMeans,phase1_vs_phase3,0.5481843043826938,0.5054515458001578,0.007000815160372775,127839.8641262064
317,KMeans,phase1_vs_phase4,0.5147903297464964,0.45798872868330526,0.0006610215865506395,73866.48779558786
317,KMeans,phase1_vs_phase5,0.5131111067327709,0.4547888925571329,0.0005182410821749001,97892.27775215603
317,GaussianMixture,phase1_vs_phase2,0.9999837239583333,0.9999837236934195,0.9997318841539896,13268.521228380505
317,GaussianMixture,phase1_vs_phase3,0.8019127039279923,0.0,0.4256578700146765,1767.4016509409923
317,GaussianMixture,phase1_vs_phase4,0.9343873350840946,0.9325446173495109,0.6601012214933174,6817.976047373351
317,GaussianMixture,phase1_vs_phase5,0.9922203053286025,0.992159307132078,0.9416631813876266,764.5970967873903
318,Birch,phase1_vs_phase2,0.6059232075251704,0.20687292581094102,0.046641150179618514,44927.83802200732
318,Birch,phase1_vs_phase3,0.5178615717889614,0.4587891379088452,0.0009749103894493642,65863.80760270459
318,Birch,phase1_vs_phase4,0.5108577372162382,0.26763432049631275,0.0006134030024684232,42830.784070984366
318,Birch,phase1_vs_phase5,0.5685355589353369,0.12096122778675282,0.035062076694179274,31653.543167355685
318,KMeans,phase1_vs_phase2,0.5628275955317846,0.3751659905771924,0.012089878083720407,47809.38758046306
318,KMeans,phase1_vs_phase3,0.5138632012997824,0.4496603058125449,0.0005574989126497251,73147.06886297617
318,KMeans,phase1_vs_phase4,0.5497233040600491,0.6056703258708618,0.007908453023047587,58109.178987612344
318,KMeans,phase1_vs_phase5,0.5679622908018149,0.6854262409470416,0.036104995617802935,55630.08144524676
318,GaussianMixture,phase1_vs_phase2,0.9999837239583333,0.9999837236934195,0.9997318841539896,7440.869769271992
318,GaussianMixture,phase1_vs_phase3,0.5459663127786947,0.6307679939975347,0.00817560442989023,556.5045470355178
318,GaussianMixture,phase1_vs_phase4,0.9999837239583333,3.281916639317362e-05,0.9997318841539894,3231.0303103345145
318,GaussianMixture,phase1_vs_phase5,1.0,1.0,1.0,1295.6895156545174
413,Birch,phase1_vs_phase2,0.5667362288497096,0.5502391530068598,0.012993077945431619,68963.36953329199
413,Birch,phase1_vs_phase3,0.5916028939264205,0.5828586745292502,0.024420741420585437,60912.913736736264
413,Birch,phase1_vs_phase4,0.52415387204656,0.48409906548697723,0.001733407509702982,52055.58334899885
413,Birch,phase1_vs_phase5,0.5127746874896588,0.46040241667725024,0.0004855945106004477,51928.28757206621
413,KMeans,phase1_vs_phase2,0.5571473054643808,0.4504201136492415,0.009436557346184066,70601.97078230079
413,KMeans,phase1_vs_phase3,0.6147117206501911,0.6167131919617349,0.038295575398299336,62085.89803694261
413,KMeans,phase1_vs_phase4,0.5519730188374863,0.44970143149284253,0.00779604561899728,55392.02483884633
413,KMeans,phase1_vs_phase5,0.5074642980590647,0.5069070027117564,0.00014944763815680781,55114.1704415099
413,GaussianMixture,phase1_vs_phase2,0.9999837239583333,3.281916639317362e-05,0.9997318841539894,3476.2149276207438
413,GaussianMixture,phase1_vs_phase3,1.0,0.0,1.0,10251.795729106258
413,GaussianMixture,phase1_vs_phase4,1.0,1.0,1.0,2950.3023046965923
413,GaussianMixture,phase1_vs_phase5,1.0,0.0,1.0,4984.917714148068
414,Birch,phase1_vs_phase2,0.5727217920508414,0.4852819482208298,0.018178350639523343,57588.79432127606
414,Birch,phase1_vs_phase3,0.5634659078570188,0.41911716763382667,0.0172029536544976,54137.89956720628
414,Birch,phase1_vs_phase4,0.5290202226868856,0.34536293068228247,0.00404025662283168,56466.65230742626
414,Birch,phase1_vs_phase5,0.523941115275158,0.43147753698239305,0.0019201237184710523,75860.5008371748
414,KMeans,phase1_vs_phase2,0.5734732174526995,0.48180927207389146,0.016548857933591864,59019.927433718025
414,KMeans,phase1_vs_phase3,0.5701192977462441,0.4266833864075107,0.014227978526682578,76865.51208633637
414,KMeans,phase1_vs_phase4,0.5146255253317449,0.5051860505501792,0.0006096476184492305,86122.74909751998
414,KMeans,phase1_vs_phase5,0.5197719667262318,0.5125711811915149,0.0011185431919399883,85078.61803703361
414,GaussianMixture,phase1_vs_phase2,0.9704752604166667,0.05781396905327236,0.8357517689621211,12060.250936188333
414,GaussianMixture,phase1_vs_phase3,0.5290429732742645,0.4430854975422843,0.0027876379186516542,1050.2952978398453
414,GaussianMixture,phase1_vs_phase4,1.0,1.0,1.0,5192.822754645691
414,GaussianMixture,phase1_vs_phase5,1.0,1.0,1.0,3692.7162508569213
415,Birch,phase1_vs_phase2,0.7964197410336833,4.112095729588585e-05,0.41637296176181154,41504.883006319105
415,Birch,phase1_vs_phase3,0.5602743656205533,0.5839680634811785,0.02374148902359541,56684.33909011321
415,Birch,phase1_vs_phase4,0.9285097176031637,0.9289800974751015,0.6285180988936538,66023.68353011041
415,Birch,phase1_vs_phase5,0.6866968364015602,0.586706818670682,0.15660135436544387,76315.39075745782
415,KMeans,phase1_vs_phase2,0.8829547024817789,3.71284831158223e-05,0.5806001527816811,44444.21221702382
415,KMeans,phase1_vs_phase3,0.562937982739026,0.5828088143630609,0.026397566214722605,56797.50999242045
415,KMeans,phase1_vs_phase4,0.9380538685434868,0.9389308033545964,0.6653332140073105,69206.11453063368
415,KMeans,phase1_vs_phase5,0.6931031465096462,0.5925284619713432,0.17244260565865213,77196.83902347345
415,GaussianMixture,phase1_vs_phase2,0.9999837239583333,0.9999837236934195,0.9997318841539896,35974.94395687578
415,GaussianMixture,phase1_vs_phase3,0.5597354530029741,0.5838401177047572,0.023054532337984643,56579.38823328082
415,GaussianMixture,phase1_vs_phase4,0.9719075520833333,0.9710955554811267,0.8417003980357817,60093.348747500975
415,GaussianMixture,phase1_vs_phase5,0.6903179559398682,0.5896433277884595,0.16582103381954566,77033.07415945172
416,Birch,phase1_vs_phase2,0.550244140625,0.18262490016860414,0.0806221407696316,21805.442592984557
416,Birch,phase1_vs_phase3,0.594384765625,0.3175881048221474,0.139171109034709,22972.896969513273
416,Birch,phase1_vs_phase4,0.507763671875,0.0305798634484085,0.014572971792907558,3685.358239558275
416,Birch,phase1_vs_phase5,0.8101725260416667,0.32128591498856773,0.43607121955557265,124540.15050117014
416,KMeans,phase1_vs_phase2,0.980322265625,0.03890712492759219,0.8789714146960557,37261.5031346685
416,KMeans,phase1_vs_phase3,0.80556640625,0.32780407491253344,0.42830634708841925,53046.707295882
416,KMeans,phase1_vs_phase4,0.8226725260416666,0.3033382520811872,0.4577284692949493,48915.97339809104
416,KMeans,phase1_vs_phase5,0.810205078125,0.7657445910926294,0.436126493704991,124543.56119578547
416,GaussianMixture,phase1_vs_phase2,0.9837727864583333,0.9835051205267773,0.895654838722124,37226.494740319664
416,GaussianMixture,phase1_vs_phase3,1.0,1.0,1.0,36822.39132517253
416,GaussianMixture,phase1_vs_phase4,0.8556966145833333,0.8313615094913835,0.5197116405510473,42504.69403909335
416,GaussianMixture,phase1_vs_phase5,0.8123372395833333,0.7689841715087157,0.4397593720719545,124104.71216304043
423,Birch,phase1_vs_phase2,0.5039388020833333,0.015632065112072865,0.007564968801512273,31976.32654528285
423,Birch,phase1_vs_phase3,0.5010615621199618,0.016299137104506232,0.00014122448205164227,10123.135488414995
423,Birch,phase1_vs_phase4,0.5052119527449618,0.0,0.01001024167899094,3110.2423193291975
423,Birch,phase1_vs_phase5,0.5052119527449618,0.0,0.01001024167899094,3025.410755556225
423,KMeans,phase1_vs_phase2,0.5112630208333333,0.6601954554948498,0.02074595841837271,33230.17571765597
423,KMeans,phase1_vs_phase3,0.5007765189119429,0.48763132279394494,-1.010341141002562e-05,54008.358384167324
423,KMeans,phase1_vs_phase4,0.9710781590612487,0.9708235061272287,0.8148919201857553,50736.41503483445
423,KMeans,phase1_vs_phase5,0.9850937068902221,0.9853661691703184,0.8906898771540079,47034.846480200475
423,GaussianMixture,phase1_vs_phase2,0.834423828125,0.8015682602843934,0.4789354172305114,69.22262489568958
423,GaussianMixture,phase1_vs_phase3,0.9928873697916667,0.014240093847758081,0.9457387765967006,1731.159583102058
423,GaussianMixture,phase1_vs_phase4,1.0,1.0,1.0,47667.60147238813
423,GaussianMixture,phase1_vs_phase5,1.0,1.0,1.0,44842.28762549362
424,Birch,phase1_vs_phase2,0.553278280466656,0.18578604561732404,0.016815884997542455,45643.814307091365
424,Birch,phase1_vs_phase3,0.5115748476874028,0.1358658058565829,0.0023474569865165394,16060.874338786934
424,Birch,phase1_vs_phase4,0.5272783372138596,0.13310243931567792,0.02088407293254423,11360.756948144728
424,Birch,phase1_vs_phase5,0.5535002942064595,0.18190595732354928,0.017255145489656714,47591.05686553678
424,KMeans,phase1_vs_phase2,0.5016298323669504,0.5469377997579524,-3.942404189582567e-06,61280.01365690884
424,KMeans,phase1_vs_phase3,0.5252383398715419,0.5089225132311033,0.0018404525510671878,37391.24351375509
424,KMeans,phase1_vs_phase4,0.5249687017842666,0.5051477760059451,0.0018187746983416267,57944.72371913043
424,KMeans,phase1_vs_phase5,0.5251368460757305,0.5023655378486056,0.0018375701563862197,80843.91298825771
424,GaussianMixture,phase1_vs_phase2,0.9069128693868096,0.0,0.637771309200867,1159.8740706749402
424,GaussianMixture,phase1_vs_phase3,0.732116479064806,0.3569727326529729,0.18222121934246605,10743.83312585669
424,GaussianMixture,phase1_vs_phase4,0.9413117575035573,0.9454198532014095,0.7341631285265314,6690.642870189906
424,GaussianMixture,phase1_vs_phase5,0.6131012699093492,0.7236697507887553,0.15154735968085575,1960.0840227969675
425,Birch,phase1_vs_phase2,0.5524209549584905,0.6146718803128188,0.009088431530987375,53619.354837610284
425,Birch,phase1_vs_phase3,0.5430717368031082,0.4412002970363869,0.005376952621788964,117984.94504081616
425,Birch,phase1_vs_phase4,0.6473259899995656,0.2529257179588982,0.07096191596498694,70926.16041630809
425,Birch,phase1_vs_phase5,0.6440153545782454,0.0,0.203668829361064,46329.991705314314
425,KMeans,phase1_vs_phase2,0.5409493671458767,0.4653094330440425,0.004833346792252415,59087.57055588506
425,KMeans,phase1_vs_phase3,0.5168361843955789,0.500824559177978,0.0008104118496455236,124819.59889518352
425,KMeans,phase1_vs_phase4,0.6430482865705351,0.6843338426835479,0.0654766958953252,71132.21547633855
425,KMeans,phase1_vs_phase5,0.6520025380477721,0.2509598735225476,0.0751521354328494,75197.27972603208
425,GaussianMixture,phase1_vs_phase2,0.9762101664360584,0.039963200284067975,0.8460932019348992,20204.275689057074
425,GaussianMixture,phase1_vs_phase3,0.7804426950837016,0.34559016144820837,0.3232206832659666,3478.7830229117258
425,GaussianMixture,phase1_vs_phase4,1.0,1.0,1.0,6299.508488712131
425,GaussianMixture,phase1_vs_phase5,1.0,0.0,1.0,3766.106732886894
437,Birch,phase1_vs_phase2,0.5864560712010656,0.5746191865859213,0.021784676132199452,57918.192866624784
437,Birch,phase1_vs_phase3,0.5547217793829007,0.4417160309098736,0.011076761573567155,68914.81513924766
437,Birch,phase1_vs_phase4,0.5807133915257165,0.2103461307605095,0.02979600019896192,104966.69694844958
437,Birch,phase1_vs_phase5,0.51164559264246,0.15304623036057421,0.0019815237480928123,13363.235640676081
437,KMeans,phase1_vs_phase2,0.6485490602844031,0.13857987137145839,0.09802834408371823,90659.19429183597
437,KMeans,phase1_vs_phase3,0.5096712698473022,0.47927438589161053,0.0002636500274319142,167505.1249804056
437,KMeans,phase1_vs_phase4,0.5485045883798273,0.3716462156178468,0.007460740107139656,146777.2951556666
437,KMeans,phase1_vs_phase5,0.5226589387057812,0.5075670824177525,0.0014960915813916277,140121.95749767983
437,GaussianMixture,phase1_vs_phase2,0.9999837239583333,0.9999837236934195,0.9997318841539896,8416.573029218396
437,GaussianMixture,phase1_vs_phase3,0.5155440851445904,0.5007014756342861,0.0006896423532630824,923.5356084985491
437,GaussianMixture,phase1_vs_phase4,1.0,1.0,1.0,1054.96677011743
437,GaussianMixture,phase1_vs_phase5,0.5245458333204068,0.5141370179870347,0.0017809040454072641,126537.0127033043
439,Birch,phase1_vs_phase2,0.7915690104166666,0.7366862688654029,0.4053628823075851,340741.0980442445
439,Birch,phase1_vs_phase3,1.0,1.0,1.0,6703584.606403135
439,Birch,phase1_vs_phase4,1.0,1.0,1.0,6839357.263088521
439,Birch,phase1_vs_phase5,1.0,1.0,1.0,7120700.448280828
439,KMeans,phase1_vs_phase2,0.780419921875,0.36251511487303506,0.3877353172920364,351765.4488108281
439,KMeans,phase1_vs_phase3,1.0,0.0,1.0,6703584.606403135
439,KMeans,phase1_vs_phase4,1.0,1.0,1.0,6839357.263088521
439,KMeans,phase1_vs_phase5,1.0,0.0,1.0,7120700.448280828
439,GaussianMixture,phase1_vs_phase2,0.7625,0.3863843984589109,0.3604684451565727,318194.7505878965
439,GaussianMixture,phase1_vs_phase3,1.0,0.0,1.0,6703584.606403135
439,GaussianMixture,phase1_vs_phase4,1.0,1.0,1.0,6839357.263088521
439,GaussianMixture,phase1_vs_phase5,1.0,0.0,1.0,7120700.448280828
440,Birch,phase1_vs_phase2,0.6006531244441617,0.5280312403340551,0.03392068340452692,40373.69446411139
440,Birch,phase1_vs_phase3,0.5916654758156086,0.5801896733403583,0.10736399377035867,16634.109224370543
440,Birch,phase1_vs_phase4,0.5059601239079718,0.008676236044657096,0.004879831052322599,5265.778792201212
440,Birch,phase1_vs_phase5,0.6208789653886007,0.04227765180146133,0.11861671024689906,29395.981702954952
440,KMeans,phase1_vs_phase2,0.5109998427494913,0.44493101913662664,0.00035044978208306565,46999.47563108039
440,KMeans,phase1_vs_phase3,0.6432730051742075,0.3863479731846376,0.06073246959435076,37442.488636494454
440,KMeans,phase1_vs_phase4,0.7181024775648185,0.13474365552354267,0.17348526534699438,36248.69626240639
440,KMeans,phase1_vs_phase5,0.6475599881929621,0.2599838984478852,0.07020912022161663,39262.24313237505
440,GaussianMixture,phase1_vs_phase2,0.9999837239583333,0.9999837236934195,0.9997318841539896,14065.063939248652
440,GaussianMixture,phase1_vs_phase3,1.0,0.0,1.0,15155.322468804308
440,GaussianMixture,phase1_vs_phase4,1.0,0.0,1.0,20760.567240375945
440,GaussianMixture,phase1_vs_phase5,1.0,1.0,1.0,12248.605499873329
441,Birch,phase1_vs_phase2,0.5377278645833333,0.14032326412010412,0.06267556548559779,33101.93042503393
441,Birch,phase1_vs_phase3,1.0,0.0,1.0,426444.4945726766
441,Birch,phase1_vs_phase4,1.0,1.0,1.0,861201.6738048894
441,Birch,phase1_vs_phase5,1.0,0.0,1.0,457084.65771556157
441,KMeans,phase1_vs_phase2,0.721142578125,0.6133116663281196,0.30164335134113257,52704.75599825995
441,KMeans,phase1_vs_phase3,1.0,1.0,1.0,426444.4945726766
441,KMeans,phase1_vs_phase4,1.0,1.0,1.0,861201.6738048894
441,KMeans,phase1_vs_phase5,1.0,0.0,1.0,457084.65771556157
441,GaussianMixture,phase1_vs_phase2,0.5422688802083333,0.15589638923072305,0.06928903671569389,34125.75508467091
441,GaussianMixture,phase1_vs_phase3,1.0,0.0,1.0,426444.4945726766
441,GaussianMixture,phase1_vs_phase4,1.0,1.0,1.0,861201.6738048894
441,GaussianMixture,phase1_vs_phase5,1.0,0.0,1.0,457084.65771556157
442,Birch,phase1_vs_phase2,0.5836094572769822,0.2890187242018784,0.024584023615659804,78677.94823047423
442,Birch,phase1_vs_phase3,0.5932080738990785,0.4817019859278072,0.03360260940612223,54749.925175341574
442,Birch,phase1_vs_phase4,0.5608260253534614,0.5461539765120574,0.010766438439580398,56904.594326427185
442,Birch,phase1_vs_phase5,0.5357757381531487,0.36622773044151813,0.004240584685506192,82157.55556486109
442,KMeans,phase1_vs_phase2,0.5775314649671979,0.6450452444862607,0.021147709239659505,79228.13654140574
442,KMeans,phase1_vs_phase3,0.5215844161837337,0.4796834901625321,0.0013853260686580453,76116.56090896757
442,KMeans,phase1_vs_phase4,0.5122753314863993,0.5649419218585006,0.0004558874890212455,62797.2416762528
442,KMeans,phase1_vs_phase5,0.5132502604037402,0.4692787336299155,0.0005156204633135922,89145.64211346042
442,GaussianMixture,phase1_vs_phase2,0.9710611979166667,0.05669914058389273,0.8381730167158258,6114.688138053818
442,GaussianMixture,phase1_vs_phase3,1.0,0.0,1.0,8155.478758839107
442,GaussianMixture,phase1_vs_phase4,1.0,1.0,1.0,8360.879023440544
442,GaussianMixture,phase1_vs_phase5,0.9392252604166667,0.11547322684891685,0.7248965583950494,4100.444437479854
