Subject,Phase_vs_phase,model,AUC,F1
100,Birch,phase1_vs_phase2,0.5045988858158361,0.026756272964230755
100,Birch,phase1_vs_phase3,0.5019605868048661,0.6626871689196001
100,Birch,phase1_vs_phase4,0.5118217093343591,0.6717604795747
100,Birch,phase1_vs_phase5,0.5119690051778188,0.6718861209964413
100,KMeans,phase1_vs_phase2,0.5112368511946127,0.6711991899320122
100,KMeans,phase1_vs_phase3,0.5052871912641881,0.054375323844067174
100,KMeans,phase1_vs_phase4,0.5117715320090424,0.031917187836963554
100,KMeans,phase1_vs_phase5,0.5117522864961372,0.031260597465856896
100,GaussianMixture,phase1_vs_phase2,0.5131923320437886,0.042196145193652335
100,GaussianMixture,phase1_vs_phase3,0.5064280475833705,0.054088586030664396
100,GaussianMixture,phase1_vs_phase4,0.7106253677580744,0.43104652235207314
100,GaussianMixture,phase1_vs_phase5,0.9739431607938523,0.9746093436330642
122,Birch,phase1_vs_phase2,0.5229045965752093,0.10384050880626224
122,Birch,phase1_vs_phase3,0.5050618489583333,0.020044471657374885
122,Birch,phase1_vs_phase4,0.5015704837110965,0.6668644384380426
122,Birch,phase1_vs_phase5,0.5052289041946912,0.5293235384144476
122,KMeans,phase1_vs_phase2,0.505911349104661,0.5111868809871732
122,KMeans,phase1_vs_phase3,0.5452974293516702,0.5773929509498503
122,KMeans,phase1_vs_phase4,0.5131247880058902,0.4829809393132863
122,KMeans,phase1_vs_phase5,0.5121645144740271,0.5163673044383704
122,GaussianMixture,phase1_vs_phase2,0.8169596354166666,0.7759493166513927
122,GaussianMixture,phase1_vs_phase3,1.0,1.0
122,GaussianMixture,phase1_vs_phase4,0.5074846637127096,0.5280400302114803
122,GaussianMixture,phase1_vs_phase5,0.5060072667444323,0.5065868455172634
208,Birch,phase1_vs_phase2,0.5016681399610966,0.024162443020624143
208,Birch,phase1_vs_phase3,0.5042522916046196,0.0
208,Birch,phase1_vs_phase4,0.5119424732654745,0.6721338800546722
208,Birch,phase1_vs_phase5,0.5043515668949998,0.0
208,KMeans,phase1_vs_phase2,0.5019394358681624,0.0264732086037928
208,KMeans,phase1_vs_phase3,0.5289000242888373,0.45171710302618157
208,KMeans,phase1_vs_phase4,0.5072487023116665,0.39367737391916746
208,KMeans,phase1_vs_phase5,0.5224603754893026,0.5127537342014554
208,GaussianMixture,phase1_vs_phase2,0.5020979515552095,0.042996620352985356
208,GaussianMixture,phase1_vs_phase3,0.6961007335254724,0.6545319326949894
208,GaussianMixture,phase1_vs_phase4,0.5522767472580371,0.5420811595175388
208,GaussianMixture,phase1_vs_phase5,0.808091530010238,0.06375303766707169
209,Birch,phase1_vs_phase2,0.5004963764519011,0.0
209,Birch,phase1_vs_phase3,0.5004963764519011,0.0
209,Birch,phase1_vs_phase4,0.723388671875,0.6176172797840027
209,Birch,phase1_vs_phase5,0.695810683245988,0.4694210724601281
209,KMeans,phase1_vs_phase2,0.7240885416666667,0.43527493548677
209,KMeans,phase1_vs_phase3,0.6169270833333333,0.5572299496892572
209,KMeans,phase1_vs_phase4,0.80419921875,0.7565270188221008
209,KMeans,phase1_vs_phase5,0.6108036847758862,0.36281275813370994
209,GaussianMixture,phase1_vs_phase2,0.7478515625,0.405385249440672
209,GaussianMixture,phase1_vs_phase3,0.7605794270833333,0.685212925315643
209,GaussianMixture,phase1_vs_phase4,1.0,1.0
209,GaussianMixture,phase1_vs_phase5,0.8415741675075681,0.8117505995203838
210,Birch,phase1_vs_phase2,0.5240407379644223,0.4057172026544155
210,Birch,phase1_vs_phase3,0.502099609375,0.008363318097831373
210,Birch,phase1_vs_phase4,0.5779103042580827,0.04857342431895116
210,Birch,phase1_vs_phase5,0.5363638813612335,0.4221488546506888
210,KMeans,phase1_vs_phase2,0.5342265055588993,0.48571157615224125
210,KMeans,phase1_vs_phase3,0.5148075025620265,0.4282673168246575
210,KMeans,phase1_vs_phase4,0.6078648780568516,0.391237901171676
210,KMeans,phase1_vs_phase5,0.5054708932896148,0.4481259504427946
210,GaussianMixture,phase1_vs_phase2,0.9758929201593989,0.9768344065506002
210,GaussianMixture,phase1_vs_phase3,0.9436360677083333,0.940269417182676
210,GaussianMixture,phase1_vs_phase4,0.9442708333333333,0.10639653216910337
210,GaussianMixture,phase1_vs_phase5,0.8491585560365873,0.822363629393951
211,Birch,phase1_vs_phase2,0.5104759264530386,0.48627049518683024
211,Birch,phase1_vs_phase3,0.5092728614964923,0.5127185620936333
211,Birch,phase1_vs_phase4,0.5123147168249901,0.5094563818199822
211,Birch,phase1_vs_phase5,0.5083643506543806,0.5036850560625384
211,KMeans,phase1_vs_phase2,0.5146993063914672,0.5298084876248648
211,KMeans,phase1_vs_phase3,0.5105641770802309,0.494819914910201
211,KMeans,phase1_vs_phase4,0.5251392487833607,0.4966952033236812
211,KMeans,phase1_vs_phase5,0.526262893358545,0.5017243757759692
211,GaussianMixture,phase1_vs_phase2,0.5180533295096834,0.44684569560069903
211,GaussianMixture,phase1_vs_phase3,0.5137564270409345,0.5169704280916827
211,GaussianMixture,phase1_vs_phase4,0.5044186827435762,0.47377674110950585
211,GaussianMixture,phase1_vs_phase5,0.700530581686794,0.4638265691958659
212,Birch,phase1_vs_phase2,0.54169921875,0.15395709392464396
212,Birch,phase1_vs_phase3,0.5002406246251323,0.06892997878144892
212,Birch,phase1_vs_phase4,0.5298295037373011,0.634437161584497
212,Birch,phase1_vs_phase5,0.9999837239583333,0.9999837236934195
212,KMeans,phase1_vs_phase2,0.5438802083333333,0.16135982762748385
212,KMeans,phase1_vs_phase3,0.7149690882857226,0.6050215434591351
212,KMeans,phase1_vs_phase4,0.5131142868647416,0.16857747105966162
212,KMeans,phase1_vs_phase5,1.0,1.0
212,GaussianMixture,phase1_vs_phase2,0.5459147135416667,0.1682120389970484
212,GaussianMixture,phase1_vs_phase3,0.7469401898045311,0.4055993504962942
212,GaussianMixture,phase1_vs_phase4,0.5621665374665981,0.5968329861768604
212,GaussianMixture,phase1_vs_phase5,1.0,1.0
214,Birch,phase1_vs_phase2,0.5180019193222807,0.0
214,Birch,phase1_vs_phase3,0.5183659287203415,0.0
214,Birch,phase1_vs_phase4,0.5116275359795369,0.0067646593962383435
214,Birch,phase1_vs_phase5,0.511384204874727,0.007897397017942887
214,KMeans,phase1_vs_phase2,0.5098282537476422,0.0
214,KMeans,phase1_vs_phase3,0.5117144842648664,0.0
214,KMeans,phase1_vs_phase4,0.5118303054369767,0.0
214,KMeans,phase1_vs_phase5,0.5061990777868436,0.6691491837616784
214,GaussianMixture,phase1_vs_phase2,0.7394189086336411,0.7959683374574097
214,GaussianMixture,phase1_vs_phase3,0.6200734637148814,0.0
214,GaussianMixture,phase1_vs_phase4,0.533983292408129,0.02511082681265062
214,GaussianMixture,phase1_vs_phase5,0.5097078646841599,0.2562832027062439
215,Birch,phase1_vs_phase2,0.5158365885416667,0.061401571324898235
215,Birch,phase1_vs_phase3,0.5094563802083334,0.6618283229759108
215,Birch,phase1_vs_phase4,0.5243489583333333,0.09287310653091632
215,Birch,phase1_vs_phase5,0.5,0.0
215,KMeans,phase1_vs_phase2,0.5214518229166667,0.08227729571134276
215,KMeans,phase1_vs_phase3,0.501053961355542,0.49458842220236326
215,KMeans,phase1_vs_phase4,0.5331380208333333,0.12431310294297228
215,KMeans,phase1_vs_phase5,0.5157859297053384,0.49188332686586467
215,GaussianMixture,phase1_vs_phase2,0.8721028645833333,0.8533462730021276
215,GaussianMixture,phase1_vs_phase3,0.9934244791666667,0.9933809555016712
215,GaussianMixture,phase1_vs_phase4,0.9873372395833333,0.025211854108268386
215,GaussianMixture,phase1_vs_phase5,1.0,0.0
216,Birch,phase1_vs_phase2,0.5148763020833333,0.0577859265347411
216,Birch,phase1_vs_phase3,0.5223910650816747,0.21315789473684216
216,Birch,phase1_vs_phase4,0.5678059895833334,0.6069971311990674
216,Birch,phase1_vs_phase5,0.5212869070111106,0.20685371715589643
216,KMeans,phase1_vs_phase2,0.516753262705686,0.1947364132648904
216,KMeans,phase1_vs_phase3,0.5034567530077311,0.39870019219719033
216,KMeans,phase1_vs_phase4,0.53603515625,0.6373972832466879
216,KMeans,phase1_vs_phase5,0.5020632019719589,0.4303271010528682
216,GaussianMixture,phase1_vs_phase2,0.5361382949391318,0.3274644997127144
216,GaussianMixture,phase1_vs_phase3,0.8790354161366813,0.13324702645845132
216,GaussianMixture,phase1_vs_phase4,1.0,1.0
216,GaussianMixture,phase1_vs_phase5,1.0,1.0
217,Birch,phase1_vs_phase2,0.5700471567324158,0.1729711793704968
217,Birch,phase1_vs_phase3,0.5625132383211928,0.19306756661745064
217,Birch,phase1_vs_phase4,0.6080410060594121,0.06117611458543473
217,Birch,phase1_vs_phase5,0.5888350926905465,0.11450887922776508
217,KMeans,phase1_vs_phase2,0.5413310017859211,0.465205266229976
217,KMeans,phase1_vs_phase3,0.5198886345821339,0.5614519688349122
217,KMeans,phase1_vs_phase4,0.5808974870812857,0.6572695298287223
217,KMeans,phase1_vs_phase5,0.5379407990936993,0.38838712080299453
217,GaussianMixture,phase1_vs_phase2,0.8677986748170647,0.8849167482859942
217,GaussianMixture,phase1_vs_phase3,0.9277110427214666,0.9336109042836086
217,GaussianMixture,phase1_vs_phase4,0.7828776041666666,0.35918631107042365
217,GaussianMixture,phase1_vs_phase5,0.5401461502257479,0.3159181305933046
218,Birch,phase1_vs_phase2,0.5050299480459314,0.0
218,Birch,phase1_vs_phase3,0.550000599465051,0.6371886002790141
218,Birch,phase1_vs_phase4,0.5098174294447408,0.10454599547780555
218,Birch,phase1_vs_phase5,0.5015810462529783,0.013952892985151049
218,KMeans,phase1_vs_phase2,0.583385050524401,0.3688821109377216
218,KMeans,phase1_vs_phase3,0.5114878153800175,0.43285859613428285
218,KMeans,phase1_vs_phase4,0.5014030794600458,0.4550664422078155
218,KMeans,phase1_vs_phase5,0.5115081923443239,0.5148598130841121
218,GaussianMixture,phase1_vs_phase2,0.8579427083333333,0.25056339443351944
218,GaussianMixture,phase1_vs_phase3,1.0,1.0
218,GaussianMixture,phase1_vs_phase4,0.7875972490661918,0.7378094146508213
218,GaussianMixture,phase1_vs_phase5,0.6411491344306355,0.49543234032628
219,Birch,phase1_vs_phase2,0.5001217835064447,0.02476111869464461
219,Birch,phase1_vs_phase3,0.5083569548416352,0.6597748729925068
219,Birch,phase1_vs_phase4,0.5098193700310648,0.06310286887796378
219,Birch,phase1_vs_phase5,0.5004806998752854,0.027016742770167423
219,KMeans,phase1_vs_phase2,0.5023891800791721,0.29785874081176095
219,KMeans,phase1_vs_phase3,0.5082782730339356,0.05624121231057647
219,KMeans,phase1_vs_phase4,0.5094786525163184,0.061602665919212686
219,KMeans,phase1_vs_phase5,0.5068051272585129,0.29386863307387684
219,GaussianMixture,phase1_vs_phase2,0.5001575736705384,0.025378295213019066
219,GaussianMixture,phase1_vs_phase3,0.508173600942288,0.05740850519484572
219,GaussianMixture,phase1_vs_phase4,0.5114931039220979,0.06986764204457395
219,GaussianMixture,phase1_vs_phase5,0.8246716563487582,0.290481779487252
220,Birch,phase1_vs_phase2,0.5074941307362504,0.4799446031333852
220,Birch,phase1_vs_phase3,0.6241376848743755,0.512535998644757
220,Birch,phase1_vs_phase4,0.5237715199874251,0.563702610738053
220,Birch,phase1_vs_phase5,0.5111169420263328,0.5163115276417837
220,KMeans,phase1_vs_phase2,0.5027575408502308,0.4929834244902738
220,KMeans,phase1_vs_phase3,0.5309868881643172,0.5062819273781581
220,KMeans,phase1_vs_phase4,0.5113182669507388,0.4706621392190153
220,KMeans,phase1_vs_phase5,0.518393222961961,0.5210522880083557
220,GaussianMixture,phase1_vs_phase2,0.8205743805894057,0.26102522375915377
220,GaussianMixture,phase1_vs_phase3,0.7204352578391285,0.6837002775208141
220,GaussianMixture,phase1_vs_phase4,1.0,1.0
220,GaussianMixture,phase1_vs_phase5,0.9062675799993382,0.0
231,Birch,phase1_vs_phase2,0.5,0.0
231,Birch,phase1_vs_phase3,0.5,0.0
231,Birch,phase1_vs_phase4,0.526115208586692,0.11102968120190546
231,Birch,phase1_vs_phase5,0.5,0.0
231,KMeans,phase1_vs_phase2,0.9544759114583333,0.9523046228876422
231,KMeans,phase1_vs_phase3,1.0,1.0
231,KMeans,phase1_vs_phase4,1.0,0.0
231,KMeans,phase1_vs_phase5,1.0,0.0
231,GaussianMixture,phase1_vs_phase2,0.9999837239583333,0.9999837236934195
231,GaussianMixture,phase1_vs_phase3,1.0,0.0
231,GaussianMixture,phase1_vs_phase4,1.0,0.0
231,GaussianMixture,phase1_vs_phase5,1.0,1.0
233,Birch,phase1_vs_phase2,0.5138761374647366,0.2622260740373901
233,Birch,phase1_vs_phase3,0.5358311620095181,0.4554653149780159
233,Birch,phase1_vs_phase4,0.595623139234629,0.45512933309871545
233,Birch,phase1_vs_phase5,0.6450262368563652,0.5502916959741817
233,KMeans,phase1_vs_phase2,0.5078178257056819,0.5290004242814715
233,KMeans,phase1_vs_phase3,0.5310524415258199,0.5275459098497496
233,KMeans,phase1_vs_phase4,0.520684405855484,0.5158906379453191
233,KMeans,phase1_vs_phase5,0.5243424417765933,0.5274313198010923
233,GaussianMixture,phase1_vs_phase2,0.9955101424962357,0.995536732366835
233,GaussianMixture,phase1_vs_phase3,0.8605794270833333,0.8379922078904566
233,GaussianMixture,phase1_vs_phase4,1.0,1.0
233,GaussianMixture,phase1_vs_phase5,1.0,0.0
235,Birch,phase1_vs_phase2,0.533056640625,0.12402674727489237
235,Birch,phase1_vs_phase3,0.5,0.0
235,Birch,phase1_vs_phase4,0.6668782552083333,0.5004759231689161
235,Birch,phase1_vs_phase5,0.5228678385416666,0.08747081712062257
235,KMeans,phase1_vs_phase2,0.5263671875,0.10018552875695733
235,KMeans,phase1_vs_phase3,0.5068886581083093,0.4607389886392145
235,KMeans,phase1_vs_phase4,0.6807779947916667,0.4869649419008839
235,KMeans,phase1_vs_phase5,0.866796875,0.23679527798272648
235,GaussianMixture,phase1_vs_phase2,0.7595703125,0.6834661866803806
235,GaussianMixture,phase1_vs_phase3,1.0,1.0
235,GaussianMixture,phase1_vs_phase4,0.8264485677083333,0.2978408424345689
235,GaussianMixture,phase1_vs_phase5,0.8877766927083334,0.20329038535247812
237,Birch,phase1_vs_phase2,0.50322265625,0.6674320202053334
237,Birch,phase1_vs_phase3,0.5,0.0
237,Birch,phase1_vs_phase4,0.5,0.0
237,Birch,phase1_vs_phase5,0.5,0.0
237,KMeans,phase1_vs_phase2,0.5025227864583334,0.010040485829959514
237,KMeans,phase1_vs_phase3,0.6987071122343351,0.2558505064617534
237,KMeans,phase1_vs_phase4,1.0,0.0
237,KMeans,phase1_vs_phase5,0.5774210373647374,0.6178368572872989
237,GaussianMixture,phase1_vs_phase2,0.9999837239583333,0.9999837236934195
237,GaussianMixture,phase1_vs_phase3,1.0,1.0
237,GaussianMixture,phase1_vs_phase4,1.0,0.0
237,GaussianMixture,phase1_vs_phase5,1.0,0.0
238,Birch,phase1_vs_phase2,0.507020627673194,0.03774544068119718
238,Birch,phase1_vs_phase3,0.5082972604027061,0.044717118370703
238,Birch,phase1_vs_phase4,0.5027631622489163,0.0
238,Birch,phase1_vs_phase5,0.5002414551508364,0.010241545893719808
238,KMeans,phase1_vs_phase2,0.5200587049176428,0.10329723810682565
238,KMeans,phase1_vs_phase3,0.5028675838902057,0.6295814541520283
238,KMeans,phase1_vs_phase4,0.5213751010849962,0.23247205864679724
238,KMeans,phase1_vs_phase5,0.5148908669835203,0.20898515844364218
238,GaussianMixture,phase1_vs_phase2,0.6903977914350243,0.6823458160896336
238,GaussianMixture,phase1_vs_phase3,0.6378649077877329,0.49810160911227624
238,GaussianMixture,phase1_vs_phase4,0.5258464187990172,0.3733957480007802
238,GaussianMixture,phase1_vs_phase5,0.5361385680108127,0.24989142112602006
239,Birch,phase1_vs_phase2,0.5144694010416667,0.056249802271504945
239,Birch,phase1_vs_phase3,0.6916010228198732,0.5541227409638554
239,Birch,phase1_vs_phase4,0.5333903552245689,0.459946949602122
239,Birch,phase1_vs_phase5,0.5214170781808424,0.424031190926276
239,KMeans,phase1_vs_phase2,0.9999837239583333,3.281916639317362e-05
239,KMeans,phase1_vs_phase3,0.5572798276358624,0.5194052150403756
239,KMeans,phase1_vs_phase4,0.5382113097177066,0.49083322796813755
239,KMeans,phase1_vs_phase5,0.5314256561864017,0.4984649930705402
239,GaussianMixture,phase1_vs_phase2,0.9999837239583333,3.281916639317362e-05
239,GaussianMixture,phase1_vs_phase3,0.5083611527128007,0.5786920842615831
239,GaussianMixture,phase1_vs_phase4,0.5450022017010201,0.5217378757052364
239,GaussianMixture,phase1_vs_phase5,0.5136569982487219,0.6236699073719667
240,Birch,phase1_vs_phase2,0.5,0.0
240,Birch,phase1_vs_phase3,0.5913915267505543,0.4536901617515443
240,Birch,phase1_vs_phase4,0.6179585073882533,0.4836575360592828
240,Birch,phase1_vs_phase5,0.6800071312103932,0.5434479553903346
240,KMeans,phase1_vs_phase2,0.5573865324149334,0.4096071689069501
240,KMeans,phase1_vs_phase3,0.5117445415394701,0.5025320475322983
240,KMeans,phase1_vs_phase4,0.526203748443653,0.47192491355178656
240,KMeans,phase1_vs_phase5,0.6138139320589902,0.4771138353765324
240,GaussianMixture,phase1_vs_phase2,0.956201171875,0.9541949650206811
240,GaussianMixture,phase1_vs_phase3,0.6241910873539825,0.4931235882974031
240,GaussianMixture,phase1_vs_phase4,1.0,0.0
240,GaussianMixture,phase1_vs_phase5,1.0,1.0
241,Birch,phase1_vs_phase2,0.503176368176375,0.007768361581920903
241,Birch,phase1_vs_phase3,0.5029799892425916,0.6693301635519163
241,Birch,phase1_vs_phase4,0.5006140735779849,0.01140684410646388
241,Birch,phase1_vs_phase5,0.5024282099398351,0.6701470765653619
241,KMeans,phase1_vs_phase2,0.8865945266223236,0.8996397926611415
241,KMeans,phase1_vs_phase3,0.8865779807405937,0.0
241,KMeans,phase1_vs_phase4,0.8865945266223236,0.0
241,KMeans,phase1_vs_phase5,0.8866110725040537,0.899652965896944
241,GaussianMixture,phase1_vs_phase2,0.890714451173103,0.9029318833125137
241,GaussianMixture,phase1_vs_phase3,0.890730997054833,0.9029451531362059
241,GaussianMixture,phase1_vs_phase4,0.890714451173103,0.9029318833125137
241,GaussianMixture,phase1_vs_phase5,0.890714451173103,0.0
242,Birch,phase1_vs_phase2,0.5746296937951909,0.1972969270809552
242,Birch,phase1_vs_phase3,0.5023274739583333,0.00926675955027055
242,Birch,phase1_vs_phase4,0.5034016927083333,0.6672717331875342
242,Birch,phase1_vs_phase5,0.5065755208333333,0.6644238671853597
242,KMeans,phase1_vs_phase2,0.5254132366278251,0.3965543183869996
242,KMeans,phase1_vs_phase3,0.5247281385598671,0.5384114677505677
242,KMeans,phase1_vs_phase4,0.5143973101179101,0.5267565606482042
242,KMeans,phase1_vs_phase5,0.506494140625,0.025643497541694787
242,GaussianMixture,phase1_vs_phase2,0.6101051872114812,0.6742643213037135
242,GaussianMixture,phase1_vs_phase3,1.0,1.0
242,GaussianMixture,phase1_vs_phase4,1.0,1.0
242,GaussianMixture,phase1_vs_phase5,1.0,0.0
243,Birch,phase1_vs_phase2,0.5013439683280799,0.022590217287259504
243,Birch,phase1_vs_phase3,0.5295286563037742,0.5910745653114737
243,Birch,phase1_vs_phase4,0.547966200900096,0.4906161716423609
243,Birch,phase1_vs_phase5,0.5001043295401899,0.016896000000000005
243,KMeans,phase1_vs_phase2,0.5855629280600574,0.6772208015831203
243,KMeans,phase1_vs_phase3,0.5199357741869768,0.5584450064977713
243,KMeans,phase1_vs_phase4,0.536062229125819,0.4917476332835077
243,KMeans,phase1_vs_phase5,0.5179245640935752,0.3177501668855918
243,GaussianMixture,phase1_vs_phase2,0.5256030666886934,0.6794254094237326
243,GaussianMixture,phase1_vs_phase3,0.5024839731160444,0.09410244360902256
243,GaussianMixture,phase1_vs_phase4,0.5283761871670141,0.0
243,GaussianMixture,phase1_vs_phase5,0.5261686805460761,0.6800491510277034
244,Birch,phase1_vs_phase2,0.5072699388862346,0.6637177129058103
244,Birch,phase1_vs_phase3,0.5045335715940302,0.0
244,Birch,phase1_vs_phase4,0.5111105450394412,0.6672818735299744
244,Birch,phase1_vs_phase5,0.5002515846559697,0.01879314753260036
244,KMeans,phase1_vs_phase2,0.9936686197916667,0.012685885729193845
244,KMeans,phase1_vs_phase3,0.5255076838816225,0.45509072106797027
244,KMeans,phase1_vs_phase4,0.5123425248937961,0.0652167129528505
244,KMeans,phase1_vs_phase5,0.5647654963816224,0.5221145025810745
244,GaussianMixture,phase1_vs_phase2,0.9999837239583333,3.281916639317362e-05
244,GaussianMixture,phase1_vs_phase3,0.9268672027532348,0.0
244,GaussianMixture,phase1_vs_phase4,0.711853270926921,0.7373787353995173
244,GaussianMixture,phase1_vs_phase5,0.5613865817294168,0.2767253187230007
245,Birch,phase1_vs_phase2,0.6685773459862794,0.7469295532862932
245,Birch,phase1_vs_phase3,0.5437086369114836,0.5046516178380206
245,Birch,phase1_vs_phase4,0.5363241452630175,0.5048087133278724
245,Birch,phase1_vs_phase5,0.5208312650981171,0.0
245,KMeans,phase1_vs_phase2,0.9999837239583333,3.281916639317362e-05
245,KMeans,phase1_vs_phase3,0.5223282133524231,0.5144000667055783
245,KMeans,phase1_vs_phase4,0.546031589836899,0.5891786548446124
245,KMeans,phase1_vs_phase5,0.5207260969531793,0.43272097548783317
245,GaussianMixture,phase1_vs_phase2,0.9999837239583333,3.281916639317362e-05
245,GaussianMixture,phase1_vs_phase3,0.5908588689286955,0.4254381764198832
245,GaussianMixture,phase1_vs_phase4,0.6514518267946077,0.6589784773530356
245,GaussianMixture,phase1_vs_phase5,1.0,1.0
246,Birch,phase1_vs_phase2,0.5,0.0
246,Birch,phase1_vs_phase3,0.5312662760416667,0.11770472718360345
246,Birch,phase1_vs_phase4,0.6071078587250571,0.3555982700624699
246,Birch,phase1_vs_phase5,0.7546767274029791,0.6888870521138983
246,KMeans,phase1_vs_phase2,0.5033443347288751,0.5000163009813191
246,KMeans,phase1_vs_phase3,0.514404296875,0.05600379686758424
246,KMeans,phase1_vs_phase4,0.875512909407161,0.21955041370725636
246,KMeans,phase1_vs_phase5,0.9860188802083333,0.027800252435353896
246,GaussianMixture,phase1_vs_phase2,0.999169921875,0.0016724053123462863
246,GaussianMixture,phase1_vs_phase3,0.604605395909341,0.34828566829425334
246,GaussianMixture,phase1_vs_phase4,1.0,1.0
246,GaussianMixture,phase1_vs_phase5,1.0,0.0
247,Birch,phase1_vs_phase2,0.5172672223885428,0.4458186876186538
247,Birch,phase1_vs_phase3,0.5176187318900154,0.5165671813592488
247,Birch,phase1_vs_phase4,0.6102875683939534,0.21753267185500622
247,Birch,phase1_vs_phase5,0.5102185765914036,0.48894732517051526
247,KMeans,phase1_vs_phase2,0.5007691685978812,0.5300284512617516
247,KMeans,phase1_vs_phase3,0.5305924837876212,0.564569965402143
247,KMeans,phase1_vs_phase4,0.6016411704970382,0.6558104475701506
247,KMeans,phase1_vs_phase5,0.5124806587691105,0.5413808022745534
247,GaussianMixture,phase1_vs_phase2,0.5104184165875567,0.5081024051697137
247,GaussianMixture,phase1_vs_phase3,0.5255079003999966,0.53606394247745
247,GaussianMixture,phase1_vs_phase4,0.5540571051377031,0.5857247527170595
247,GaussianMixture,phase1_vs_phase5,0.5383494484404472,0.567962732346294
248,Birch,phase1_vs_phase2,0.5095423218448037,0.5897725395164399
248,Birch,phase1_vs_phase3,0.5143651232073572,0.5620911370417584
248,Birch,phase1_vs_phase4,0.5083076225843013,0.5946634785921673
248,Birch,phase1_vs_phase5,0.5058810866223444,0.573793677204659
248,KMeans,phase1_vs_phase2,0.5089467508929605,0.4564807427286574
248,KMeans,phase1_vs_phase3,0.517732113190894,0.5426924026549316
248,KMeans,phase1_vs_phase4,0.5036871317894991,0.40221445221445223
248,KMeans,phase1_vs_phase5,0.5086731637690691,0.44203087223358756
248,GaussianMixture,phase1_vs_phase2,0.67826082811621,0.6770629209412617
248,GaussianMixture,phase1_vs_phase3,0.9506932724444885,0.0
248,GaussianMixture,phase1_vs_phase4,0.5162388295908616,0.37514607720799414
248,GaussianMixture,phase1_vs_phase5,0.9263046427744135,0.0
249,Birch,phase1_vs_phase2,0.5096304819867054,0.44396575736755123
249,Birch,phase1_vs_phase3,0.5552735699963185,0.5132159380267547
249,Birch,phase1_vs_phase4,0.5022623697916666,0.6682910839160839
249,Birch,phase1_vs_phase5,0.5084147135416667,0.6627679884136841
249,KMeans,phase1_vs_phase2,0.547524425857904,0.5319582032840277
249,KMeans,phase1_vs_phase3,0.5424636077855612,0.5720651505838966
249,KMeans,phase1_vs_phase4,0.5022623697916666,0.6682910839160839
249,KMeans,phase1_vs_phase5,0.507958984375,0.03133711429395367
249,GaussianMixture,phase1_vs_phase2,0.7684725446299308,0.36809932108950255
249,GaussianMixture,phase1_vs_phase3,1.0,0.0
249,GaussianMixture,phase1_vs_phase4,1.0,1.0
249,GaussianMixture,phase1_vs_phase5,0.7864095052083333,0.7283978723844611
250,Birch,phase1_vs_phase2,0.5133911653910825,0.5698544910092597
250,Birch,phase1_vs_phase3,0.514319557400249,0.5143530652440255
250,Birch,phase1_vs_phase4,0.526160572417705,0.5863108915441176
250,Birch,phase1_vs_phase5,0.5036074255590439,0.5514110393509366
250,KMeans,phase1_vs_phase2,0.5138000668039975,0.5663758340054256
250,KMeans,phase1_vs_phase3,0.5181511909673963,0.5318324249669572
250,KMeans,phase1_vs_phase4,0.5250796205925907,0.396476434271947
250,KMeans,phase1_vs_phase5,0.5036299079221682,0.43928881981831974
250,GaussianMixture,phase1_vs_phase2,0.5495594626673203,0.49017785025222127
250,GaussianMixture,phase1_vs_phase3,0.7499036574025241,0.7062861964484333
250,GaussianMixture,phase1_vs_phase4,0.7759356696118336,0.0
250,GaussianMixture,phase1_vs_phase5,0.6057364571958039,0.21664163158228783
252,Birch,phase1_vs_phase2,0.5102419007908932,0.0
252,Birch,phase1_vs_phase3,0.5101757172639729,0.0
252,Birch,phase1_vs_phase4,0.5101757172639729,0.0
252,Birch,phase1_vs_phase5,0.5101757172639729,0.0
252,KMeans,phase1_vs_phase2,0.5903157552083333,0.584624317733132
252,KMeans,phase1_vs_phase3,0.997336113041464,0.0
252,KMeans,phase1_vs_phase4,0.9943744002117874,0.0
252,KMeans,phase1_vs_phase5,1.0,1.0
252,GaussianMixture,phase1_vs_phase2,0.9999837239583333,0.9999837236934195
252,GaussianMixture,phase1_vs_phase3,1.0,1.0
252,GaussianMixture,phase1_vs_phase4,1.0,1.0
252,GaussianMixture,phase1_vs_phase5,1.0,0.0
254,Birch,phase1_vs_phase2,0.545616995929713,0.0
254,Birch,phase1_vs_phase3,0.5097306540509489,0.658720936921183
254,Birch,phase1_vs_phase4,0.509619140625,0.0377503113921625
254,Birch,phase1_vs_phase5,0.50693359375,0.027355037565016373
254,KMeans,phase1_vs_phase2,0.7458883483900858,0.0
254,KMeans,phase1_vs_phase3,0.7466825507131275,0.8005211726384366
254,KMeans,phase1_vs_phase4,0.6109747540868328,0.3812308919314103
254,KMeans,phase1_vs_phase5,0.7384495720304278,0.02235944101397465
254,GaussianMixture,phase1_vs_phase2,0.7311294218868923,0.0
254,GaussianMixture,phase1_vs_phase3,0.740246202720143,0.0
254,GaussianMixture,phase1_vs_phase4,0.9650390625,0.0680964382519378
254,GaussianMixture,phase1_vs_phase5,1.0,0.0
255,Birch,phase1_vs_phase2,0.5,0.0
255,Birch,phase1_vs_phase3,0.5,0.0
255,Birch,phase1_vs_phase4,0.5,0.0
255,Birch,phase1_vs_phase5,0.5,0.0
255,KMeans,phase1_vs_phase2,0.5394092347865788,0.503808717731697
255,KMeans,phase1_vs_phase3,0.5374946839891707,0.4975255456260904
255,KMeans,phase1_vs_phase4,0.5380390321874277,0.5146051421962575
255,KMeans,phase1_vs_phase5,0.5169222520651329,0.4254656571751104
255,GaussianMixture,phase1_vs_phase2,0.5095120593624871,0.620578659622827
255,GaussianMixture,phase1_vs_phase3,0.7377312286971773,0.794917907647721
255,GaussianMixture,phase1_vs_phase4,0.6871861921643874,0.42920577666653004
255,GaussianMixture,phase1_vs_phase5,0.9427016115688804,0.0
256,Birch,phase1_vs_phase2,0.5,0.0
256,Birch,phase1_vs_phase3,0.5,0.0
256,Birch,phase1_vs_phase4,0.5,0.0
256,Birch,phase1_vs_phase5,0.5,0.0
256,KMeans,phase1_vs_phase2,0.5450372195085252,0.47090883013816515
256,KMeans,phase1_vs_phase3,0.5521832290942784,0.48568674551324226
256,KMeans,phase1_vs_phase4,0.5605051338122332,0.5740608143586806
256,KMeans,phase1_vs_phase5,0.6045284381695911,0.642538644470868
256,GaussianMixture,phase1_vs_phase2,0.7398032481375543,0.6562836122703609
256,GaussianMixture,phase1_vs_phase3,0.6881344699319965,0.4735409736921681
256,GaussianMixture,phase1_vs_phase4,0.9935967437704756,0.0
256,GaussianMixture,phase1_vs_phase5,0.9978986730202852,0.9979372066204297
257,Birch,phase1_vs_phase2,0.5170588040636686,0.0
257,Birch,phase1_vs_phase3,0.5169264370098283,0.0
257,Birch,phase1_vs_phase4,0.5169429828915583,0.0
257,Birch,phase1_vs_phase5,0.5169926205367483,0.0
257,KMeans,phase1_vs_phase2,0.5034083288349217,0.5308839273246342
257,KMeans,phase1_vs_phase3,0.5081783368777715,0.4854089107721868
257,KMeans,phase1_vs_phase4,0.5131808129431195,0.47640536586225746
257,KMeans,phase1_vs_phase5,0.5275740140593459,0.39918677957249965
257,GaussianMixture,phase1_vs_phase2,0.8215832948124524,0.030472360254451946
257,GaussianMixture,phase1_vs_phase3,0.6381826258805511,0.09516966437975154
257,GaussianMixture,phase1_vs_phase4,0.6000860385849962,0.7176731690223105
257,GaussianMixture,phase1_vs_phase5,0.6649458949667428,0.7521116415717958
259,Birch,phase1_vs_phase2,0.5025898392903678,0.664857769983345
259,Birch,phase1_vs_phase3,0.5035332243890434,0.036642764633414406
259,Birch,phase1_vs_phase4,0.5073566464160587,0.0586698189510359
259,Birch,phase1_vs_phase5,0.512610484155767,0.6555712333485173
259,KMeans,phase1_vs_phase2,0.5026856066599241,0.03743382908999244
259,KMeans,phase1_vs_phase3,0.5123021345221549,0.07736848589380313
259,KMeans,phase1_vs_phase4,0.5211215516055709,0.13821400310659124
259,KMeans,phase1_vs_phase5,0.5125469990294806,0.07460749165533441
259,GaussianMixture,phase1_vs_phase2,0.760705377760577,0.3814173733914766
259,GaussianMixture,phase1_vs_phase3,0.519685066915165,0.1084887129430963
259,GaussianMixture,phase1_vs_phase4,0.9940269366954565,0.9941586705716737
259,GaussianMixture,phase1_vs_phase5,0.5174078688464833,0.0934030645013304
260,Birch,phase1_vs_phase2,0.5039376839436696,0.04977389677218151
260,Birch,phase1_vs_phase3,0.5126689764329767,0.35752914054252044
260,Birch,phase1_vs_phase4,0.5021321614583333,0.008492431363651097
260,Birch,phase1_vs_phase5,0.5681550155867376,0.6713559002700497
260,KMeans,phase1_vs_phase2,0.5320296228805759,0.36722217895802506
260,KMeans,phase1_vs_phase3,0.5083158502825209,0.43090578979221306
260,KMeans,phase1_vs_phase4,0.5001276779768109,0.4525201793721973
260,KMeans,phase1_vs_phase5,0.5237522837841051,0.5787636363636364
260,GaussianMixture,phase1_vs_phase2,0.8178632037558118,0.848052342434365
260,GaussianMixture,phase1_vs_phase3,0.576393027513733,0.2113268318869106
260,GaussianMixture,phase1_vs_phase4,0.9966471354166667,0.006738081609289394
260,GaussianMixture,phase1_vs_phase5,0.8923855852278368,0.0
261,Birch,phase1_vs_phase2,0.5022143802714145,0.543646111799758
261,Birch,phase1_vs_phase3,0.5108962839500811,0.5613434970437756
261,Birch,phase1_vs_phase4,0.5203277532347199,0.573940730570932
261,Birch,phase1_vs_phase5,0.506591796875,0.026024096385542168
261,KMeans,phase1_vs_phase2,0.503015005434288,0.47041358834495617
261,KMeans,phase1_vs_phase3,0.5124064656781537,0.5426418699249625
261,KMeans,phase1_vs_phase4,0.5017513121013476,0.47061062099982703
261,KMeans,phase1_vs_phase5,0.5104051249446747,0.5433343548881396
261,GaussianMixture,phase1_vs_phase2,0.9999837239583333,0.9999837236934195
261,GaussianMixture,phase1_vs_phase3,1.0,1.0
261,GaussianMixture,phase1_vs_phase4,0.5091540801627287,0.47082083446959366
261,GaussianMixture,phase1_vs_phase5,0.5988409319002531,0.45057429682554034
263,Birch,phase1_vs_phase2,0.5,0.0
263,Birch,phase1_vs_phase3,0.5,0.0
263,Birch,phase1_vs_phase4,0.5,0.0
263,Birch,phase1_vs_phase5,0.5,0.0
263,KMeans,phase1_vs_phase2,0.5272448334191651,0.5013056636402939
263,KMeans,phase1_vs_phase3,0.5025761986327931,0.45130241877773003
263,KMeans,phase1_vs_phase4,0.5054337661244788,0.4458935115326579
263,KMeans,phase1_vs_phase5,0.5012003827140002,0.45766516998075685
263,GaussianMixture,phase1_vs_phase2,0.5299375205530875,0.49652412049715605
263,GaussianMixture,phase1_vs_phase3,0.5170354653219,0.4068458922767664
263,GaussianMixture,phase1_vs_phase4,0.9999837239583333,3.281916639317362e-05
263,GaussianMixture,phase1_vs_phase5,0.5136774253030999,0.5353611941186089
264,Birch,phase1_vs_phase2,0.5653206074820476,0.28598185856099323
264,Birch,phase1_vs_phase3,0.5204146320402727,0.5447876059093459
264,Birch,phase1_vs_phase4,0.5572319124428133,0.3016833083878375
264,Birch,phase1_vs_phase5,0.5390537067687133,0.32999837319017405
264,KMeans,phase1_vs_phase2,0.5021218962252638,0.5282079215625244
264,KMeans,phase1_vs_phase3,0.5012649811325242,0.4728917228354097
264,KMeans,phase1_vs_phase4,0.5256358466010622,0.5574865900383141
264,KMeans,phase1_vs_phase5,0.5157784032681219,0.45318501781524284
264,GaussianMixture,phase1_vs_phase2,0.6630694837193694,0.5944212762609175
264,GaussianMixture,phase1_vs_phase3,0.6300016067602336,0.41954866734270707
264,GaussianMixture,phase1_vs_phase4,0.5301782033473352,0.5473041387166182
264,GaussianMixture,phase1_vs_phase5,0.6646561966136785,0.7115430935547401
266,Birch,phase1_vs_phase2,0.5090591497821114,0.13844174410293067
266,Birch,phase1_vs_phase3,0.501469773582535,0.020281509916826614
266,Birch,phase1_vs_phase4,0.5035038037430921,0.029865729702597568
266,Birch,phase1_vs_phase5,0.5050961315728515,0.0
266,KMeans,phase1_vs_phase2,0.5136953591645571,0.11383802712407633
266,KMeans,phase1_vs_phase3,0.5328031751676304,0.5201752568163652
266,KMeans,phase1_vs_phase4,0.5354291536367848,0.5733174346822031
266,KMeans,phase1_vs_phase5,0.5165793682765876,0.3902542700363243
266,GaussianMixture,phase1_vs_phase2,0.6085169392988475,0.40515918205674106
266,GaussianMixture,phase1_vs_phase3,0.534013007131275,0.6218459883544185
266,GaussianMixture,phase1_vs_phase4,0.5387980518904704,0.2505032312744994
266,GaussianMixture,phase1_vs_phase5,0.8713337096300184,0.0038226586215942735
267,Birch,phase1_vs_phase2,0.5216080845504897,0.22394414619310818
267,Birch,phase1_vs_phase3,0.5002481882259506,0.0
267,Birch,phase1_vs_phase4,0.503999671215233,0.12410785091197463
267,Birch,phase1_vs_phase5,0.5001339892730314,0.00039035815360593347
267,KMeans,phase1_vs_phase2,0.5782510104621679,0.45670020369113024
267,KMeans,phase1_vs_phase3,0.5355668577069682,0.42707584392810166
267,KMeans,phase1_vs_phase4,0.630318513717053,0.4005871238737684
267,KMeans,phase1_vs_phase5,0.54193474471638,0.45446042324330643
267,GaussianMixture,phase1_vs_phase2,0.770177604205446,0.301469054501028
267,GaussianMixture,phase1_vs_phase3,0.6691751968442867,0.21383212100219373
267,GaussianMixture,phase1_vs_phase4,0.6591551401332771,0.5133859000302374
267,GaussianMixture,phase1_vs_phase5,0.5899136013060412,0.44983244628425
268,Birch,phase1_vs_phase2,0.5034994152064927,0.4910954133917024
268,Birch,phase1_vs_phase3,0.5038156419078229,0.4997767081824046
268,Birch,phase1_vs_phase4,0.5239206866049712,0.530517115804807
268,Birch,phase1_vs_phase5,0.5067055108883174,0.664314129469912
268,KMeans,phase1_vs_phase2,0.5028549353392112,0.4914638395301379
268,KMeans,phase1_vs_phase3,0.5015182058343881,0.49539151374242296
268,KMeans,phase1_vs_phase4,0.5691509791025513,0.612444720533641
268,KMeans,phase1_vs_phase5,0.5068194394713714,0.026910725754656386
268,GaussianMixture,phase1_vs_phase2,0.5439121884203648,0.5715696561940621
268,GaussianMixture,phase1_vs_phase3,0.5164889099288734,0.5225539928920749
268,GaussianMixture,phase1_vs_phase4,0.9514639049651089,0.03779971791255289
268,GaussianMixture,phase1_vs_phase5,0.7099827891915207,0.6277653362355846
269,Birch,phase1_vs_phase2,0.5035499334674584,0.029071045113490093
269,Birch,phase1_vs_phase3,0.5695621281054551,0.637459260800222
269,Birch,phase1_vs_phase4,0.6955061385221218,0.0
269,Birch,phase1_vs_phase5,0.6956550514576922,0.0
269,KMeans,phase1_vs_phase2,0.6444669505060971,0.48369848104859703
269,KMeans,phase1_vs_phase3,0.995263671875,0.9952411323161457
269,KMeans,phase1_vs_phase4,0.9999837239583333,3.281916639317362e-05
269,KMeans,phase1_vs_phase5,1.0,0.0
269,GaussianMixture,phase1_vs_phase2,0.9999837239583333,3.281916639317362e-05
269,GaussianMixture,phase1_vs_phase3,1.0,0.0
269,GaussianMixture,phase1_vs_phase4,1.0,0.0
269,GaussianMixture,phase1_vs_phase5,1.0,1.0
278,Birch,phase1_vs_phase2,0.8533373043449486,0.8739189804278561
278,Birch,phase1_vs_phase3,0.6693416348416973,0.652054700029316
278,Birch,phase1_vs_phase4,0.7809575369981427,0.8005696297406685
278,Birch,phase1_vs_phase5,0.5694744603018668,0.44281394709576477
278,KMeans,phase1_vs_phase2,0.7645686488632979,0.8119573405225389
278,KMeans,phase1_vs_phase3,0.5812404780389614,0.5617568842755426
278,KMeans,phase1_vs_phase4,0.7605645454846288,0.809368866172228
278,KMeans,phase1_vs_phase5,0.5813609385791416,0.5476177829712647
278,GaussianMixture,phase1_vs_phase2,0.7554849597935074,0.8061087931984571
278,GaussianMixture,phase1_vs_phase3,0.7962374664945895,0.8330282692698799
278,GaussianMixture,phase1_vs_phase4,0.8290721289275786,0.8511470693994966
278,GaussianMixture,phase1_vs_phase5,0.7697894241755139,0.7853714636203327
279,Birch,phase1_vs_phase2,0.5,0.0
279,Birch,phase1_vs_phase3,0.5,0.0
279,Birch,phase1_vs_phase4,0.5,0.0
279,Birch,phase1_vs_phase5,0.5886948800550895,0.45593571798859506
279,KMeans,phase1_vs_phase2,0.5362094535412323,0.45264567983924986
279,KMeans,phase1_vs_phase3,0.5056415655945969,0.5105442987683749
279,KMeans,phase1_vs_phase4,0.511013468864787,0.5013215564254407
279,KMeans,phase1_vs_phase5,0.5298760306018573,0.5415045707058579
279,GaussianMixture,phase1_vs_phase2,0.9703125,0.9694041867954911
279,GaussianMixture,phase1_vs_phase3,0.9702465556127767,0.0036391205458680817
279,GaussianMixture,phase1_vs_phase4,0.8166881763129157,0.8472262441567038
279,GaussianMixture,phase1_vs_phase5,0.9775235181146447,0.9770067098449909
280,Birch,phase1_vs_phase2,0.5538899367947319,0.0
280,Birch,phase1_vs_phase3,0.5602601012607962,0.0
280,Birch,phase1_vs_phase4,0.5527317250736292,0.0
280,Birch,phase1_vs_phase5,0.5527317250736292,0.0
280,KMeans,phase1_vs_phase2,0.6528343095403554,0.0
280,KMeans,phase1_vs_phase3,0.5346201860532694,0.5410123149926562
280,KMeans,phase1_vs_phase4,0.6531983189384163,0.7456310679611651
280,KMeans,phase1_vs_phase5,0.6531983189384163,0.0
280,GaussianMixture,phase1_vs_phase2,0.5783218798344998,0.6706182511661469
280,GaussianMixture,phase1_vs_phase3,0.5996875688334532,0.5613940633860953
280,GaussianMixture,phase1_vs_phase4,0.6553327376815911,0.7468002090651628
280,GaussianMixture,phase1_vs_phase5,0.6554485588537013,0.0
281,Birch,phase1_vs_phase2,0.5122241103486217,0.5215963423861423
281,Birch,phase1_vs_phase3,0.515238698904249,0.48065092280214333
281,Birch,phase1_vs_phase4,0.5107325653588182,0.485632611246055
281,Birch,phase1_vs_phase5,0.5290762819264814,0.11490103704610112
281,KMeans,phase1_vs_phase2,0.52045325148551,0.5273697832416693
281,KMeans,phase1_vs_phase3,0.5150130188943629,0.51668819806708
281,KMeans,phase1_vs_phase4,0.519922413064318,0.5115495026370251
281,KMeans,phase1_vs_phase5,0.521556768700473,0.514126740854268
281,GaussianMixture,phase1_vs_phase2,0.5652947157624342,0.22373353085089667
281,GaussianMixture,phase1_vs_phase3,0.5092864569114215,0.5156796601699151
281,GaussianMixture,phase1_vs_phase4,0.5009038575689136,0.5141660940571118
281,GaussianMixture,phase1_vs_phase5,0.556679791335518,0.5209554331851904
282,Birch,phase1_vs_phase2,0.5,0.0
282,Birch,phase1_vs_phase3,0.5,0.0
282,Birch,phase1_vs_phase4,0.5,0.0
282,Birch,phase1_vs_phase5,0.5,0.0
282,KMeans,phase1_vs_phase2,0.721038909450594,0.30496566129695857
282,KMeans,phase1_vs_phase3,0.5151804570773976,0.4952195588335724
282,KMeans,phase1_vs_phase4,0.5364153075776001,0.4799210530504401
282,KMeans,phase1_vs_phase5,0.6189807676748167,0.621918254355968
282,GaussianMixture,phase1_vs_phase2,0.984529600582415,0.0
282,GaussianMixture,phase1_vs_phase3,0.5365671580535011,0.33369315248509884
282,GaussianMixture,phase1_vs_phase4,0.5105646440489634,0.6320267923592161
282,GaussianMixture,phase1_vs_phase5,0.622106828758722,0.024731815970710974
283,Birch,phase1_vs_phase2,0.5947412308119477,0.03873146535802859
283,Birch,phase1_vs_phase3,0.5144918672467033,0.4270310704055756
283,Birch,phase1_vs_phase4,0.5103830190649923,0.4336744896289698
283,Birch,phase1_vs_phase5,0.521421972626529,0.4139480079534576
283,KMeans,phase1_vs_phase2,0.6523055296595272,0.2666764917193228
283,KMeans,phase1_vs_phase3,0.5089483376171655,0.548629257608942
283,KMeans,phase1_vs_phase4,0.5051812006725901,0.5430682628552354
283,KMeans,phase1_vs_phase5,0.5072609324563953,0.47607759747616474
283,GaussianMixture,phase1_vs_phase2,0.9999837239583333,0.9999837236934195
283,GaussianMixture,phase1_vs_phase3,0.587232367131399,0.28419792498004787
283,GaussianMixture,phase1_vs_phase4,0.5096856117658799,0.41814204789769854
283,GaussianMixture,phase1_vs_phase5,0.5854214770891931,0.5695071081978378
284,Birch,phase1_vs_phase2,0.5051041896111511,0.31290110438351815
284,Birch,phase1_vs_phase3,0.5171555700030404,0.08113273106323837
284,Birch,phase1_vs_phase4,0.6139088915241653,0.020528317615797424
284,Birch,phase1_vs_phase5,0.6162017273900526,0.0
284,KMeans,phase1_vs_phase2,0.5094374477770608,0.5363329045382476
284,KMeans,phase1_vs_phase3,0.5114761847885436,0.5346730061900062
284,KMeans,phase1_vs_phase4,0.5375530421542531,0.4980792487728534
284,KMeans,phase1_vs_phase5,0.5152445172440979,0.4136645731218666
284,GaussianMixture,phase1_vs_phase2,0.5085485025072182,0.5872170991690977
284,GaussianMixture,phase1_vs_phase3,0.6244318977971226,0.6036495719104038
284,GaussianMixture,phase1_vs_phase4,0.646232567362421,0.7358388068546595
284,GaussianMixture,phase1_vs_phase5,1.0,0.0
285,Birch,phase1_vs_phase2,0.506494140625,0.025643497541694787
285,Birch,phase1_vs_phase3,0.500257248065683,0.5453838678328474
285,Birch,phase1_vs_phase4,0.5744295064001539,0.13658344993494856
285,Birch,phase1_vs_phase5,0.5061249163777514,0.15327447474295933
285,KMeans,phase1_vs_phase2,0.547078803575048,0.5794107325409298
285,KMeans,phase1_vs_phase3,0.5683084285497121,0.6068771425577462
285,KMeans,phase1_vs_phase4,0.7207387067247634,0.7048700680389883
285,KMeans,phase1_vs_phase5,0.5654821093949673,0.5722687174847318
285,GaussianMixture,phase1_vs_phase2,0.9335351930904399,0.0
285,GaussianMixture,phase1_vs_phase3,0.8336973427313942,0.8594088766418151
285,GaussianMixture,phase1_vs_phase4,0.774281672824837,0.740718506706688
285,GaussianMixture,phase1_vs_phase5,1.0,1.0
286,Birch,phase1_vs_phase2,0.5,0.0
286,Birch,phase1_vs_phase3,0.5,0.0
286,Birch,phase1_vs_phase4,0.5,0.0
286,Birch,phase1_vs_phase5,0.5,0.0
286,KMeans,phase1_vs_phase2,0.5293948802646927,0.45367455400968143
286,KMeans,phase1_vs_phase3,0.5048147724088116,0.5019226008746596
286,KMeans,phase1_vs_phase4,0.8012257056689294,0.05783866057838661
286,KMeans,phase1_vs_phase5,0.5621519871086899,0.4487437428576027
286,GaussianMixture,phase1_vs_phase2,0.7713193653775356,0.8027435466886759
286,GaussianMixture,phase1_vs_phase3,1.0,0.0
286,GaussianMixture,phase1_vs_phase4,1.0,1.0
286,GaussianMixture,phase1_vs_phase5,1.0,0.0
287,Birch,phase1_vs_phase2,0.5236839787002796,0.47156746933212174
287,Birch,phase1_vs_phase3,0.5066569010416666,0.6643506849315068
287,Birch,phase1_vs_phase4,0.5047690514840621,0.6651376146788991
287,Birch,phase1_vs_phase5,0.5031248982780508,0.012421958399378902
287,KMeans,phase1_vs_phase2,0.5121652044243687,0.5023093915255372
287,KMeans,phase1_vs_phase3,0.5019840887433196,0.555013661603549
287,KMeans,phase1_vs_phase4,0.5220360444277607,0.5544239045533211
287,KMeans,phase1_vs_phase5,0.5255814390393849,0.48852453223555187
287,GaussianMixture,phase1_vs_phase2,0.954432641715477,0.9570987942798391
287,GaussianMixture,phase1_vs_phase3,0.509211452684466,0.5488436730562982
287,GaussianMixture,phase1_vs_phase4,0.8150666799033721,0.8460828731564234
287,GaussianMixture,phase1_vs_phase5,0.8917899334855555,0.9037980641934631
288,Birch,phase1_vs_phase2,0.5470773994372332,0.5550933539711715
288,Birch,phase1_vs_phase3,0.503894674346024,0.4801353637901861
288,Birch,phase1_vs_phase4,0.5327121728181152,0.43386298696773296
288,Birch,phase1_vs_phase5,0.5683680378745827,0.4629716261568188
288,KMeans,phase1_vs_phase2,0.5098962259748627,0.5152456636118093
288,KMeans,phase1_vs_phase3,0.500341061682013,0.4755340907137824
288,KMeans,phase1_vs_phase4,0.5082209829184454,0.4570988302864748
288,KMeans,phase1_vs_phase5,0.5077935503191103,0.4707309986497804
288,GaussianMixture,phase1_vs_phase2,0.8979817708333333,0.8863916479373596
288,GaussianMixture,phase1_vs_phase3,0.5247561631470474,0.5322802801629398
288,GaussianMixture,phase1_vs_phase4,1.0,1.0
288,GaussianMixture,phase1_vs_phase5,1.0,1.0
289,Birch,phase1_vs_phase2,0.5199130268312154,0.41084652647599257
289,Birch,phase1_vs_phase3,0.5269420922577683,0.38936642568452207
289,Birch,phase1_vs_phase4,0.5311422691823645,0.48506549589750975
289,Birch,phase1_vs_phase5,0.5484964112962214,0.48944600799881505
289,KMeans,phase1_vs_phase2,0.510367699582113,0.49605393229293265
289,KMeans,phase1_vs_phase3,0.5150026486337238,0.4571863065304923
289,KMeans,phase1_vs_phase4,0.51955303271793,0.4987407137539402
289,KMeans,phase1_vs_phase5,0.5226411845287697,0.4986569322956127
289,GaussianMixture,phase1_vs_phase2,0.5004331643972956,0.455334810262274
289,GaussianMixture,phase1_vs_phase3,0.5312077676063693,0.5231722611582442
289,GaussianMixture,phase1_vs_phase4,0.5215920573433726,0.5204978701549802
289,GaussianMixture,phase1_vs_phase5,0.5079062902442111,0.45410434877423805
291,Birch,phase1_vs_phase2,0.5446969398779534,0.1903355626972408
291,Birch,phase1_vs_phase3,0.7661249312311791,0.3720729586540665
291,Birch,phase1_vs_phase4,0.7604934208145124,0.37963099630996305
291,Birch,phase1_vs_phase5,0.502031796144603,0.6681512021430224
291,KMeans,phase1_vs_phase2,0.5635861999719755,0.45806517104862454
291,KMeans,phase1_vs_phase3,0.7378703869952472,0.6459569977575518
291,KMeans,phase1_vs_phase4,0.750464864949411,0.6749124854142358
291,KMeans,phase1_vs_phase5,0.6506853247553398,0.1195113314447592
291,GaussianMixture,phase1_vs_phase2,0.5155043911865258,0.4229154059159011
291,GaussianMixture,phase1_vs_phase3,0.7266276041666666,0.4321348170064965
291,GaussianMixture,phase1_vs_phase4,0.7586795332872116,0.3906603063017826
291,GaussianMixture,phase1_vs_phase5,0.9413593307509521,0.11164649923306941
292,Birch,phase1_vs_phase2,0.5,0.0
292,Birch,phase1_vs_phase3,0.6705240885416667,0.5086292691215379
292,Birch,phase1_vs_phase4,0.8174153645833333,0.7766317550077656
292,Birch,phase1_vs_phase5,0.5187656651801699,0.07234736776055721
292,KMeans,phase1_vs_phase2,0.5183720267826118,0.47006651884700673
292,KMeans,phase1_vs_phase3,0.7189453125,0.6090736212985601
292,KMeans,phase1_vs_phase4,0.817431640625,0.776656113732752
292,KMeans,phase1_vs_phase5,0.9830409166368282,0.9827483443708609
292,GaussianMixture,phase1_vs_phase2,0.5351888020833333,0.6381889895750695
292,GaussianMixture,phase1_vs_phase3,1.0,1.0
292,GaussianMixture,phase1_vs_phase4,0.8174479166666666,0.776680471487735
292,GaussianMixture,phase1_vs_phase5,1.0,1.0
304,Birch,phase1_vs_phase2,0.5,0.0
304,Birch,phase1_vs_phase3,0.5,0.0
304,Birch,phase1_vs_phase4,0.5,0.0
304,Birch,phase1_vs_phase5,0.5,0.0
304,KMeans,phase1_vs_phase2,0.9020649260399087,0.9121275553378168
304,KMeans,phase1_vs_phase3,0.9057877494291671,0.0
304,KMeans,phase1_vs_phase4,0.9057877494291671,0.0
304,KMeans,phase1_vs_phase5,0.9057877494291671,0.0
304,GaussianMixture,phase1_vs_phase2,0.9058704788378174,0.0
304,GaussianMixture,phase1_vs_phase3,0.9058042953108971,0.9151981886702516
304,GaussianMixture,phase1_vs_phase4,0.9068963235050795,0.0
304,GaussianMixture,phase1_vs_phase5,0.9058042953108971,0.0
305,Birch,phase1_vs_phase2,0.5000724496333019,0.025760604041749947
305,Birch,phase1_vs_phase3,0.5316314585168892,0.6315150682421911
305,Birch,phase1_vs_phase4,0.5014913220081944,0.04901382202205312
305,Birch,phase1_vs_phase5,0.5041438124285298,0.6613643180076204
305,KMeans,phase1_vs_phase2,0.5233573688118403,0.4858257812751959
305,KMeans,phase1_vs_phase3,0.5476288442675759,0.5663780890917678
305,KMeans,phase1_vs_phase4,0.5098588636288428,0.4984390211151767
305,KMeans,phase1_vs_phase5,0.5417256087783877,0.5820040777164789
305,GaussianMixture,phase1_vs_phase2,0.7931640625,0.34510570695344006
305,GaussianMixture,phase1_vs_phase3,0.9096779205161695,0.9183822979741347
305,GaussianMixture,phase1_vs_phase4,0.993778748469506,0.0
305,GaussianMixture,phase1_vs_phase5,1.0,1.0
306,Birch,phase1_vs_phase2,0.5042696599330099,0.670833791057893
306,Birch,phase1_vs_phase3,0.5009835056302534,0.013526508109494198
306,Birch,phase1_vs_phase4,0.5036936208774901,0.6695888721241423
306,Birch,phase1_vs_phase5,0.5007229388587342,0.014481145676480954
306,KMeans,phase1_vs_phase2,0.5039937767448667,0.6705638027844012
306,KMeans,phase1_vs_phase3,0.5005601572711911,0.02281828004830611
306,KMeans,phase1_vs_phase4,0.5032971450339604,0.01666719679379115
306,KMeans,phase1_vs_phase5,0.5005249747974623,0.02818953503104016
306,GaussianMixture,phase1_vs_phase2,0.5018120842847216,0.04399037710500828
306,GaussianMixture,phase1_vs_phase3,0.5032073270722683,0.030187021463537092
306,GaussianMixture,phase1_vs_phase4,0.7160389766682386,0.6106447579924987
306,GaussianMixture,phase1_vs_phase5,0.5242326074073723,0.1260318219882761
307,Birch,phase1_vs_phase2,0.5180554720721028,0.6733332585957555
307,Birch,phase1_vs_phase3,0.5028540337179217,0.6647256685966363
307,Birch,phase1_vs_phase4,0.5028397192680929,0.6629417764178972
307,Birch,phase1_vs_phase5,0.5118559184037277,0.6546870120019631
307,KMeans,phase1_vs_phase2,0.5315353792962416,0.3583958909521928
307,KMeans,phase1_vs_phase3,0.528581979802649,0.456933783452464
307,KMeans,phase1_vs_phase4,0.5011146559800952,0.029638073525220857
307,KMeans,phase1_vs_phase5,0.5303991731318268,0.46508504923903315
307,GaussianMixture,phase1_vs_phase2,0.9094075520833333,0.16738591083377188
307,GaussianMixture,phase1_vs_phase3,0.7358857278714344,0.3623648716013161
307,GaussianMixture,phase1_vs_phase4,0.5148741708315754,0.1733232066626509
307,GaussianMixture,phase1_vs_phase5,1.0,0.0
308,Birch,phase1_vs_phase2,0.51484375,0.656947337102053
308,Birch,phase1_vs_phase3,0.515283203125,0.05931962475125557
308,Birch,phase1_vs_phase4,0.5142578125,0.055450056969236605
308,Birch,phase1_vs_phase5,0.5156244913902542,0.060604147596351125
308,KMeans,phase1_vs_phase2,0.5548702932137066,0.3168667902328955
308,KMeans,phase1_vs_phase3,0.5616232492388894,0.34357894736842104
308,KMeans,phase1_vs_phase4,0.584397967105753,0.6541656386215973
308,KMeans,phase1_vs_phase5,0.5416297723557151,0.3659850125534239
308,GaussianMixture,phase1_vs_phase2,0.7699670578604313,0.36482287978075356
308,GaussianMixture,phase1_vs_phase3,0.9570405829114133,0.9555941286506345
308,GaussianMixture,phase1_vs_phase4,0.970556640625,0.0576592082616179
308,GaussianMixture,phase1_vs_phase5,0.6157021205029893,0.3452820977752981
309,Birch,phase1_vs_phase2,0.6116028302635552,0.7001440205962197
309,Birch,phase1_vs_phase3,0.6222740659849764,0.0
309,Birch,phase1_vs_phase4,0.6235811906416493,0.0
309,Birch,phase1_vs_phase5,0.8726966371188273,0.8880713132752629
309,KMeans,phase1_vs_phase2,0.5625012861837752,0.35248204219377466
309,KMeans,phase1_vs_phase3,0.5127331531254136,0.5198437115431948
309,KMeans,phase1_vs_phase4,0.8775111073925965,3.7356643879113905e-05
309,KMeans,phase1_vs_phase5,0.8785863198649856,0.8933120093050306
309,GaussianMixture,phase1_vs_phase2,0.9718424479166667,0.9710266287054095
309,GaussianMixture,phase1_vs_phase3,0.749895725397308,0.11854647692041057
309,GaussianMixture,phase1_vs_phase4,0.8602865746715642,0.0
309,GaussianMixture,phase1_vs_phase5,0.8687580661173434,0.0
310,Birch,phase1_vs_phase2,0.5,0.0
310,Birch,phase1_vs_phase3,0.5,0.0
310,Birch,phase1_vs_phase4,0.5,0.0
310,Birch,phase1_vs_phase5,0.5,0.0
310,KMeans,phase1_vs_phase2,0.5565518185345932,0.5266074302105926
310,KMeans,phase1_vs_phase3,0.8173831534356489,0.22223958007873523
310,KMeans,phase1_vs_phase4,0.581595446986995,0.49745644698326097
310,KMeans,phase1_vs_phase5,0.5171155806581875,0.36025096134385753
310,GaussianMixture,phase1_vs_phase2,0.9999837239583333,3.281916639317362e-05
310,GaussianMixture,phase1_vs_phase3,0.7529556390045378,0.3905186763432985
310,GaussianMixture,phase1_vs_phase4,1.0,1.0
310,GaussianMixture,phase1_vs_phase5,1.0,0.0
311,Birch,phase1_vs_phase2,0.5,0.0
311,Birch,phase1_vs_phase3,0.5,0.0
311,Birch,phase1_vs_phase4,0.5,0.0
311,Birch,phase1_vs_phase5,0.5368349189863467,0.5750094552473363
311,KMeans,phase1_vs_phase2,0.5889186881726935,0.5615145264482747
311,KMeans,phase1_vs_phase3,0.556281996245119,0.45595813365949517
311,KMeans,phase1_vs_phase4,0.531200504545981,0.5884425448349555
311,KMeans,phase1_vs_phase5,0.5047036229289411,0.018639148661722026
311,GaussianMixture,phase1_vs_phase2,0.9773448245128272,0.0015755158138209613
311,GaussianMixture,phase1_vs_phase3,1.0,1.0
311,GaussianMixture,phase1_vs_phase4,1.0,1.0
311,GaussianMixture,phase1_vs_phase5,0.5216548391753384,0.1926345609065156
312,Birch,phase1_vs_phase2,0.5621919395961563,0.08098159509202454
312,Birch,phase1_vs_phase3,0.5688125188726463,0.5416478705055061
312,Birch,phase1_vs_phase4,0.5095710541562221,0.41963702833268046
312,Birch,phase1_vs_phase5,0.5168329827503304,0.4247894103489771
312,KMeans,phase1_vs_phase2,0.5349725083065497,0.43957742849780984
312,KMeans,phase1_vs_phase3,0.5156902609001167,0.5101631075049363
312,KMeans,phase1_vs_phase4,0.5220191866949394,0.5256660803856427
312,KMeans,phase1_vs_phase5,0.5281285606856242,0.5242647788547421
312,GaussianMixture,phase1_vs_phase2,0.8143554768290439,0.8455779129620964
312,GaussianMixture,phase1_vs_phase3,0.5019095288637736,0.5010683409486868
312,GaussianMixture,phase1_vs_phase4,0.7885904947916667,0.351395952818959
312,GaussianMixture,phase1_vs_phase5,0.6420149881225926,0.6061359419193284
313,Birch,phase1_vs_phase2,0.5920247395833333,0.31088139880134164
313,Birch,phase1_vs_phase3,0.8142559316986002,0.0
313,Birch,phase1_vs_phase4,0.8142559316986002,0.0
313,Birch,phase1_vs_phase5,0.6254713544479682,0.14555364442558136
313,KMeans,phase1_vs_phase2,0.7948060619069335,0.8262092317163605
313,KMeans,phase1_vs_phase3,0.8179456633243986,0.8481150697789986
313,KMeans,phase1_vs_phase4,0.8142724775803303,0.0
313,KMeans,phase1_vs_phase5,0.6105840248793963,0.1983808276247128
313,GaussianMixture,phase1_vs_phase2,0.7817267282173467,0.8232393611319542
313,GaussianMixture,phase1_vs_phase3,0.7908269631688672,0.0
313,GaussianMixture,phase1_vs_phase4,0.8108640259439426,0.0
313,GaussianMixture,phase1_vs_phase5,0.5311032404971221,0.5964912280701754
314,Birch,phase1_vs_phase2,0.6117374836867947,0.06201006787047008
314,Birch,phase1_vs_phase3,0.5092190130536666,0.47292480054320146
314,Birch,phase1_vs_phase4,0.5303524602433486,0.5313027102268076
314,Birch,phase1_vs_phase5,0.5088578941471364,0.4705781993755651
314,KMeans,phase1_vs_phase2,0.5634573973922656,0.39662950934784513
314,KMeans,phase1_vs_phase3,0.5146516222590714,0.48879325802402723
314,KMeans,phase1_vs_phase4,0.5279706240150029,0.5384121480625381
314,KMeans,phase1_vs_phase5,0.5156816212967883,0.5209797587936436
314,GaussianMixture,phase1_vs_phase2,0.9008463541666667,0.8899327888993278
314,GaussianMixture,phase1_vs_phase3,0.8538362337746948,0.8723766634912388
314,GaussianMixture,phase1_vs_phase4,0.8610807769946061,0.0
314,GaussianMixture,phase1_vs_phase5,0.7687309719330561,0.8119655821457382
315,Birch,phase1_vs_phase2,0.5019527178161918,0.04947018427022157
315,Birch,phase1_vs_phase3,0.5534842217566969,0.4518369805259988
315,Birch,phase1_vs_phase4,0.5082296032581943,0.07378331135576068
315,Birch,phase1_vs_phase5,0.6145393151871055,0.5007930633393254
315,KMeans,phase1_vs_phase2,0.5233843285810458,0.34480075357333
315,KMeans,phase1_vs_phase3,0.5201958854657872,0.48566308243727596
315,KMeans,phase1_vs_phase4,0.5129025577477125,0.43420552217235875
315,KMeans,phase1_vs_phase5,0.5161982027795511,0.4700836294461792
315,GaussianMixture,phase1_vs_phase2,0.9999837239583333,3.281916639317362e-05
315,GaussianMixture,phase1_vs_phase3,0.8301106770833333,0.292475167070625
315,GaussianMixture,phase1_vs_phase4,0.9738361814224908,0.9737296071763024
315,GaussianMixture,phase1_vs_phase5,0.821370362466211,0.7832595986727762
316,Birch,phase1_vs_phase2,0.7516267073928034,0.050271008316438416
316,Birch,phase1_vs_phase3,0.5176684971840978,0.5470280610277215
316,Birch,phase1_vs_phase4,0.7291273701975578,0.0
316,Birch,phase1_vs_phase5,0.6110449403307118,0.3449100112485939
316,KMeans,phase1_vs_phase2,0.7510624217302235,0.7905859483476813
316,KMeans,phase1_vs_phase3,0.5088373541764908,0.4702034755245992
316,KMeans,phase1_vs_phase4,0.7778215705040703,0.017700578990901574
316,KMeans,phase1_vs_phase5,0.5140452313854875,0.478341954326331
316,GaussianMixture,phase1_vs_phase2,0.944189453125,0.9408905207633035
316,GaussianMixture,phase1_vs_phase3,0.5021131708579453,0.5469988336274186
316,GaussianMixture,phase1_vs_phase4,1.0,1.0
316,GaussianMixture,phase1_vs_phase5,1.0,0.0
317,Birch,phase1_vs_phase2,0.5452947858885345,0.4291227061866251
317,Birch,phase1_vs_phase3,0.5525284030095925,0.4298240133291679
317,Birch,phase1_vs_phase4,0.5179594267834392,0.3621502400207586
317,Birch,phase1_vs_phase5,0.5086998484191279,0.33936065033505436
317,KMeans,phase1_vs_phase2,0.5542097974499693,0.5296132290873866
317,KMeans,phase1_vs_phase3,0.5481840345426304,0.5054692823584264
317,KMeans,phase1_vs_phase4,0.5147406921013064,0.45796358979050406
317,KMeans,phase1_vs_phase5,0.5131273822446358,0.4548172330942905
317,GaussianMixture,phase1_vs_phase2,0.9999837239583333,3.281916639317362e-05
317,GaussianMixture,phase1_vs_phase3,0.8023098050895132,0.8371940916771134
317,GaussianMixture,phase1_vs_phase4,0.930661740582808,0.9284063106386569
317,GaussianMixture,phase1_vs_phase5,0.9921389277692784,0.015727007798381713
318,Birch,phase1_vs_phase2,0.5239620852412803,0.3444196565627622
318,Birch,phase1_vs_phase3,0.5199349646667866,0.4226909606076109
318,Birch,phase1_vs_phase4,0.5624713840268126,0.2621417539042389
318,Birch,phase1_vs_phase5,0.5776853895223872,0.16029066039752085
318,KMeans,phase1_vs_phase2,0.5771273285743241,0.5894709998246761
318,KMeans,phase1_vs_phase3,0.5107799279452703,0.45546215550235053
318,KMeans,phase1_vs_phase4,0.5496085622481923,0.6055637992883177
318,KMeans,phase1_vs_phase5,0.5679622908018149,0.11380539989811514
318,GaussianMixture,phase1_vs_phase2,0.9999837239583333,3.281916639317362e-05
318,GaussianMixture,phase1_vs_phase3,0.5466173544453614,0.6315014194654239
318,GaussianMixture,phase1_vs_phase4,0.9999837239583333,0.9999837236934195
318,GaussianMixture,phase1_vs_phase5,1.0,0.0
329,Birch,phase1_vs_phase2,0.5348186881597671,0.2571039491602361
329,Birch,phase1_vs_phase3,0.5528016524294525,0.4078904678476413
329,Birch,phase1_vs_phase4,0.5261575750924502,0.3565788306272735
329,Birch,phase1_vs_phase5,0.5809085403171649,0.4281450463292943
329,KMeans,phase1_vs_phase2,0.5378259571016992,0.5048255831543278
329,KMeans,phase1_vs_phase3,0.519733937051193,0.48866472364264646
329,KMeans,phase1_vs_phase4,0.5221112296252978,0.44208756139043365
329,KMeans,phase1_vs_phase5,0.5274973569218265,0.4863921345112568
329,GaussianMixture,phase1_vs_phase2,0.6155682414855926,0.2990448473994478
329,GaussianMixture,phase1_vs_phase3,0.5716295134063006,0.5679204381856994
329,GaussianMixture,phase1_vs_phase4,1.0,0.0
329,GaussianMixture,phase1_vs_phase5,0.5953729931046776,0.5989459644100329
330,Birch,phase1_vs_phase2,0.5409579018477614,0.3861566484517304
330,Birch,phase1_vs_phase3,0.5308232261263608,0.4023533317349367
330,Birch,phase1_vs_phase4,0.5210853736473742,0.44203394590420025
330,Birch,phase1_vs_phase5,0.564601773803618,0.3388745086760618
330,KMeans,phase1_vs_phase2,0.5004740330483305,0.4917027657447517
330,KMeans,phase1_vs_phase3,0.5174313045367773,0.4812042444682076
330,KMeans,phase1_vs_phase4,0.5120513270702001,0.5303432581073393
330,KMeans,phase1_vs_phase5,0.5232615772680576,0.53046247353022
330,GaussianMixture,phase1_vs_phase2,0.501417936821619,0.49643744821872404
330,GaussianMixture,phase1_vs_phase3,0.537281243730662,0.4507679924877591
330,GaussianMixture,phase1_vs_phase4,0.5155450691721268,0.4578325717734288
330,GaussianMixture,phase1_vs_phase5,0.5404344052443938,0.5549903023751233
331,Birch,phase1_vs_phase2,0.5,0.0
331,Birch,phase1_vs_phase3,0.5,0.0
331,Birch,phase1_vs_phase4,0.5,0.0
331,Birch,phase1_vs_phase5,0.5,0.0
331,KMeans,phase1_vs_phase2,0.5328585198493703,0.4198900942049672
331,KMeans,phase1_vs_phase3,0.5407230521231469,0.5713015074606266
331,KMeans,phase1_vs_phase4,0.686273610843964,0.14720781202319194
331,KMeans,phase1_vs_phase5,0.5847796992784569,0.6285638626533674
331,GaussianMixture,phase1_vs_phase2,0.6549407909500232,0.7167226253655367
331,GaussianMixture,phase1_vs_phase3,0.7878691315118386,0.8198785635157685
331,GaussianMixture,phase1_vs_phase4,0.7959230947417189,0.8328137284138043
331,GaussianMixture,phase1_vs_phase5,0.6882252606330224,0.205837870538415
333,Birch,phase1_vs_phase2,0.5,0.0
333,Birch,phase1_vs_phase3,0.5,0.0
333,Birch,phase1_vs_phase4,0.5,0.0
333,Birch,phase1_vs_phase5,0.5,0.0
333,KMeans,phase1_vs_phase2,0.5751486301690368,0.5369024446865122
333,KMeans,phase1_vs_phase3,0.5261299302203292,0.5504006748207507
333,KMeans,phase1_vs_phase4,0.5764042072945621,0.5207905021207239
333,KMeans,phase1_vs_phase5,0.524077667701301,0.4703308722996993
333,GaussianMixture,phase1_vs_phase2,0.6486252989892535,0.5078538812785388
333,GaussianMixture,phase1_vs_phase3,0.5285807291666667,0.10814139672373445
333,GaussianMixture,phase1_vs_phase4,0.6062799716367394,0.4829419963546693
333,GaussianMixture,phase1_vs_phase5,0.5330617992619675,0.5676007800603745
334,Birch,phase1_vs_phase2,0.505078125,0.6657689907714539
334,Birch,phase1_vs_phase3,0.5,0.0
334,Birch,phase1_vs_phase4,0.5,0.0
334,Birch,phase1_vs_phase5,0.5,0.0
334,KMeans,phase1_vs_phase2,0.505322265625,0.021064837182336458
334,KMeans,phase1_vs_phase3,0.5257523609551317,0.3983073699931548
334,KMeans,phase1_vs_phase4,0.5125,0.04878048780487806
334,KMeans,phase1_vs_phase5,0.5240297971547716,0.49624373232472196
334,GaussianMixture,phase1_vs_phase2,0.5313237261222244,0.12602822886629234
334,GaussianMixture,phase1_vs_phase3,0.5227776990340307,0.11599010796791119
334,GaussianMixture,phase1_vs_phase4,0.5459364590959951,0.17929857596798868
334,GaussianMixture,phase1_vs_phase5,0.5509736207888937,0.4371029224904701
413,Birch,phase1_vs_phase2,0.5,0.0
413,Birch,phase1_vs_phase3,0.5,0.0
413,Birch,phase1_vs_phase4,0.5,0.0
413,Birch,phase1_vs_phase5,0.5,0.0
413,KMeans,phase1_vs_phase2,0.5567157245596728,0.4404498829117055
413,KMeans,phase1_vs_phase3,0.5876584720602105,0.5860183171904856
413,KMeans,phase1_vs_phase4,0.5472629976949519,0.5558883199690852
413,KMeans,phase1_vs_phase5,0.5200464280026639,0.4953643228088062
413,GaussianMixture,phase1_vs_phase2,0.9999837239583333,0.9999837236934195
413,GaussianMixture,phase1_vs_phase3,1.0,1.0
413,GaussianMixture,phase1_vs_phase4,1.0,1.0
413,GaussianMixture,phase1_vs_phase5,1.0,0.0
414,Birch,phase1_vs_phase2,0.5,0.0
414,Birch,phase1_vs_phase3,0.5,0.0
414,Birch,phase1_vs_phase4,0.5,0.0
414,Birch,phase1_vs_phase5,0.5,0.0
414,KMeans,phase1_vs_phase2,0.566626756190228,0.4906329413155251
414,KMeans,phase1_vs_phase3,0.5681554647815737,0.4278822324290387
414,KMeans,phase1_vs_phase4,0.5145433356032214,0.5052571753339017
414,KMeans,phase1_vs_phase5,0.5140429454823537,0.511882395596427
414,GaussianMixture,phase1_vs_phase2,0.9704752604166667,0.9695770301546305
414,GaussianMixture,phase1_vs_phase3,0.5279013074348919,0.5456707627838495
414,GaussianMixture,phase1_vs_phase4,1.0,0.0
414,GaussianMixture,phase1_vs_phase5,1.0,0.0
415,Birch,phase1_vs_phase2,0.5760745354485175,0.2887893356643356
415,Birch,phase1_vs_phase3,0.5783318590694182,0.5764943174269599
415,Birch,phase1_vs_phase4,0.9385336991136578,0.05682530259556083
415,Birch,phase1_vs_phase5,0.6943839254044434,0.5930765056972328
415,KMeans,phase1_vs_phase2,0.854231051798434,0.8745871768591276
415,KMeans,phase1_vs_phase3,0.5643940203312693,0.33985668396342966
415,KMeans,phase1_vs_phase4,0.9384509697050076,0.05682998829097745
415,KMeans,phase1_vs_phase5,0.6910509174949949,0.4478691370037739
415,GaussianMixture,phase1_vs_phase2,0.8568453011117799,0.8765587102297047
415,GaussianMixture,phase1_vs_phase3,0.5597189071212442,0.3386085252327291
415,GaussianMixture,phase1_vs_phase4,0.9719075520833333,0.05508657145136839
415,GaussianMixture,phase1_vs_phase5,0.690268318294678,0.589605115354705
416,Birch,phase1_vs_phase2,0.5269205729166667,0.10218076234014949
416,Birch,phase1_vs_phase3,0.77109375,0.37502499900004
416,Birch,phase1_vs_phase4,0.822119140625,0.30414092502922024
416,Birch,phase1_vs_phase5,0.810205078125,0.3212396694214876
416,KMeans,phase1_vs_phase2,0.9792154947916667,0.041050533624791045
416,KMeans,phase1_vs_phase3,0.8055013020833333,0.7585370781976157
416,KMeans,phase1_vs_phase4,0.8225423177083333,0.7842570789718425
416,KMeans,phase1_vs_phase5,0.810205078125,0.3212396694214876
416,GaussianMixture,phase1_vs_phase2,0.678564453125,0.5263006404259912
416,GaussianMixture,phase1_vs_phase3,1.0,1.0
416,GaussianMixture,phase1_vs_phase4,0.855712890625,0.8313837375178317
416,GaussianMixture,phase1_vs_phase5,0.8123209635416666,0.7689595063014687
423,Birch,phase1_vs_phase2,0.5624119206485365,0.6064604080500937
423,Birch,phase1_vs_phase3,0.5,0.0
423,Birch,phase1_vs_phase4,0.5,0.0
423,Birch,phase1_vs_phase5,0.5,0.0
423,KMeans,phase1_vs_phase2,0.5112630208333333,0.044059595059213044
423,KMeans,phase1_vs_phase3,0.5107932535201364,0.5203733504988735
423,KMeans,phase1_vs_phase4,0.5003730401532356,0.5139809329138787
423,KMeans,phase1_vs_phase5,0.5179834053854776,0.49566857398587094
423,GaussianMixture,phase1_vs_phase2,0.7562662760416667,0.6777144086947164
423,GaussianMixture,phase1_vs_phase3,0.9930989583333334,0.9930510030156025
423,GaussianMixture,phase1_vs_phase4,1.0,1.0
423,GaussianMixture,phase1_vs_phase5,0.6861853020476563,0.45837610280264546
424,Birch,phase1_vs_phase2,0.5153256148734033,0.08568532907465988
424,Birch,phase1_vs_phase3,0.6307793908504375,0.4325717574635269
424,Birch,phase1_vs_phase4,0.521296579242364,0.1108053346236429
424,Birch,phase1_vs_phase5,0.5356534699040751,0.30789384719405
424,KMeans,phase1_vs_phase2,0.5005599310579645,0.5452858703296375
424,KMeans,phase1_vs_phase3,0.630477431740482,0.4310569594865624
424,KMeans,phase1_vs_phase4,0.5268922429416303,0.501451178218506
424,KMeans,phase1_vs_phase5,0.5251531221173972,0.5017204597068338
424,GaussianMixture,phase1_vs_phase2,0.5727019062923988,0.431662177426362
424,GaussianMixture,phase1_vs_phase3,0.7037490431180508,0.39635599554370976
424,GaussianMixture,phase1_vs_phase4,0.941195936331447,0.0
424,GaussianMixture,phase1_vs_phase5,0.6113482159661554,0.7227448157021965
425,Birch,phase1_vs_phase2,0.6623965963182311,0.07537091988130563
425,Birch,phase1_vs_phase3,0.5432894912710132,0.3430245215429375
425,Birch,phase1_vs_phase4,0.6542703369568814,0.08623170202562287
425,Birch,phase1_vs_phase5,0.6632553114219324,0.042887473460721866
425,KMeans,phase1_vs_phase2,0.5406064909106233,0.5388909932313368
425,KMeans,phase1_vs_phase3,0.5168196385138489,0.5008325008325009
425,KMeans,phase1_vs_phase4,0.6426538838096478,0.26902720834886323
425,KMeans,phase1_vs_phase5,0.649449088386549,0.2563082753315949
425,GaussianMixture,phase1_vs_phase2,0.9762928958447086,0.039959975468835736
425,GaussianMixture,phase1_vs_phase3,0.7803789401173516,0.7295420797046193
425,GaussianMixture,phase1_vs_phase4,1.0,0.0
425,GaussianMixture,phase1_vs_phase5,1.0,1.0
437,Birch,phase1_vs_phase2,0.6578210880235738,0.7404779218174068
437,Birch,phase1_vs_phase3,0.5382954254902752,0.1786799501867995
437,Birch,phase1_vs_phase4,0.5720399773062891,0.08029599307250256
437,Birch,phase1_vs_phase5,0.5052858436796801,0.5106811246022986
437,KMeans,phase1_vs_phase2,0.6474569464523561,0.1410620890210291
437,KMeans,phase1_vs_phase3,0.5096056260005087,0.47920474922093975
437,KMeans,phase1_vs_phase4,0.5485371404631606,0.6026953085418988
437,KMeans,phase1_vs_phase5,0.5226752147474478,0.5075439872487271
437,GaussianMixture,phase1_vs_phase2,0.9999837239583333,3.281916639317362e-05
437,GaussianMixture,phase1_vs_phase3,0.5165211873247171,0.5019157088122606
437,GaussianMixture,phase1_vs_phase4,1.0,0.0
437,GaussianMixture,phase1_vs_phase5,0.524313921136123,0.5142317878778654
439,Birch,phase1_vs_phase2,0.7656087239583333,0.6938497842216034
439,Birch,phase1_vs_phase3,1.0,0.0
439,Birch,phase1_vs_phase4,1.0,0.0
439,Birch,phase1_vs_phase5,1.0,0.0
439,KMeans,phase1_vs_phase2,0.780419921875,0.7186385534630545
439,KMeans,phase1_vs_phase3,1.0,1.0
439,KMeans,phase1_vs_phase4,1.0,0.0
439,KMeans,phase1_vs_phase5,1.0,1.0
439,GaussianMixture,phase1_vs_phase2,0.7605143229166667,0.6851003723836836
439,GaussianMixture,phase1_vs_phase3,1.0,1.0
439,GaussianMixture,phase1_vs_phase4,1.0,0.0
439,GaussianMixture,phase1_vs_phase5,1.0,1.0
440,Birch,phase1_vs_phase2,0.5,0.0
440,Birch,phase1_vs_phase3,0.5,0.0
440,Birch,phase1_vs_phase4,0.5,0.0
440,Birch,phase1_vs_phase5,0.5,0.0
440,KMeans,phase1_vs_phase2,0.509758815981874,0.5490492457450346
440,KMeans,phase1_vs_phase3,0.5939859161583979,0.41496257739124814
440,KMeans,phase1_vs_phase4,0.6824307861853263,0.7330108525412687
440,KMeans,phase1_vs_phase5,0.624803134707779,0.27815522037811546
440,GaussianMixture,phase1_vs_phase2,0.9999837239583333,3.281916639317362e-05
440,GaussianMixture,phase1_vs_phase3,1.0,0.0
440,GaussianMixture,phase1_vs_phase4,1.0,1.0
440,GaussianMixture,phase1_vs_phase5,1.0,1.0
441,Birch,phase1_vs_phase2,0.5,0.0
441,Birch,phase1_vs_phase3,1.0,0.0
441,Birch,phase1_vs_phase4,1.0,0.0
441,Birch,phase1_vs_phase5,1.0,0.0
441,KMeans,phase1_vs_phase2,0.719873046875,0.610866173777386
441,KMeans,phase1_vs_phase3,1.0,1.0
441,KMeans,phase1_vs_phase4,1.0,0.0
441,KMeans,phase1_vs_phase5,1.0,0.0
441,GaussianMixture,phase1_vs_phase2,0.801953125,0.7530443253774963
441,GaussianMixture,phase1_vs_phase3,1.0,0.0
441,GaussianMixture,phase1_vs_phase4,1.0,1.0
441,GaussianMixture,phase1_vs_phase5,1.0,0.0
442,Birch,phase1_vs_phase2,0.5,0.0
442,Birch,phase1_vs_phase3,0.5991555541034822,0.47100652918740704
442,Birch,phase1_vs_phase4,0.5,0.0
442,Birch,phase1_vs_phase5,0.5,0.0
442,KMeans,phase1_vs_phase2,0.5786925463646629,0.2921946629832042
442,KMeans,phase1_vs_phase3,0.5220753958343675,0.4803107515769217
442,KMeans,phase1_vs_phase4,0.5143743155434081,0.42042707122160083
442,KMeans,phase1_vs_phase5,0.5132822728069468,0.4693713489468889
442,GaussianMixture,phase1_vs_phase2,0.9707682291666667,0.05725671475253049
442,GaussianMixture,phase1_vs_phase3,1.0,0.0
442,GaussianMixture,phase1_vs_phase4,1.0,1.0
442,GaussianMixture,phase1_vs_phase5,0.93974609375,0.11454030723534599
